id,name,border,image,champion_id
1,Aatrox,0,skins\Aatrox_0.jpg,1
2,Aatrox,0,skins\Aatrox_1.jpg,1
3,Aatrox,0,skins\Aatrox_11.jpg,1
4,Aatrox,0,skins\Aatrox_2.jpg,1
5,Aatrox,0,skins\Aatrox_20.jpg,1
6,Aatrox,0,skins\Aatrox_21.jpg,1
7,Aatrox,0,skins\Aatrox_3.jpg,1
8,Aatrox,0,skins\Aatrox_30.jpg,1
9,Aatrox,0,skins\Aatrox_31.jpg,1
10,Aatrox,0,skins\Aatrox_33.jpg,1
11,Aatrox,0,skins\Aatrox_7.jpg,1
12,Aatrox,0,skins\Aatrox_8.jpg,1
13,Aatrox,0,skins\Aatrox_9.jpg,1
14,Ahri,0,skins\Ahri_0.jpg,2
15,Ahri,0,skins\Ahri_1.jpg,2
16,Ahri,0,skins\Ahri_14.jpg,2
17,Ahri,0,skins\Ahri_15.jpg,2
18,Ahri,0,skins\Ahri_16.jpg,2
19,Ahri,0,skins\Ahri_17.jpg,2
20,Ahri,0,skins\Ahri_2.jpg,2
21,Ahri,0,skins\Ahri_27.jpg,2
22,Ahri,0,skins\Ahri_28.jpg,2
23,Ahri,0,skins\Ahri_3.jpg,2
24,Ahri,0,skins\Ahri_4.jpg,2
25,Ahri,0,skins\Ahri_42.jpg,2
26,Ahri,0,skins\Ahri_5.jpg,2
27,Ahri,0,skins\Ahri_6.jpg,2
28,Ahri,0,skins\Ahri_65.jpg,2
29,Ahri,0,skins\Ahri_66.jpg,2
30,Ahri,0,skins\Ahri_7.jpg,2
31,Ahri,0,skins\Ahri_76.jpg,2
32,Ahri,0,skins\Ahri_85.jpg,2
33,Ahri,0,skins\Ahri_86.jpg,2
34,Akali,0,skins\Akali_0.jpg,3
35,Akali,0,skins\Akali_1.jpg,3
36,Akali,0,skins\Akali_13.jpg,3
37,Akali,0,skins\Akali_14.jpg,3
38,Akali,0,skins\Akali_15.jpg,3
39,Akali,0,skins\Akali_2.jpg,3
40,Akali,0,skins\Akali_3.jpg,3
41,Akali,0,skins\Akali_32.jpg,3
42,Akali,0,skins\Akali_4.jpg,3
43,Akali,0,skins\Akali_5.jpg,3
44,Akali,0,skins\Akali_50.jpg,3
45,Akali,0,skins\Akali_6.jpg,3
46,Akali,0,skins\Akali_60.jpg,3
47,Akali,0,skins\Akali_61.jpg,3
48,Akali,0,skins\Akali_68.jpg,3
49,Akali,0,skins\Akali_7.jpg,3
50,Akali,0,skins\Akali_70.jpg,3
51,Akali,0,skins\Akali_71.jpg,3
52,Akali,0,skins\Akali_8.jpg,3
53,Akali,0,skins\Akali_82.jpg,3
54,Akali,0,skins\Akali_9.jpg,3
55,Akshan,0,skins\Akshan_0.jpg,4
56,Akshan,0,skins\Akshan_1.jpg,4
57,Akshan,0,skins\Akshan_10.jpg,4
58,Akshan,0,skins\Akshan_20.jpg,4
59,Alistar,0,skins\Alistar_0.jpg,5
60,Alistar,0,skins\Alistar_1.jpg,5
61,Alistar,0,skins\Alistar_10.jpg,5
62,Alistar,0,skins\Alistar_19.jpg,5
63,Alistar,0,skins\Alistar_2.jpg,5
64,Alistar,0,skins\Alistar_20.jpg,5
65,Alistar,0,skins\Alistar_22.jpg,5
66,Alistar,0,skins\Alistar_29.jpg,5
67,Alistar,0,skins\Alistar_3.jpg,5
68,Alistar,0,skins\Alistar_4.jpg,5
69,Alistar,0,skins\Alistar_5.jpg,5
70,Alistar,0,skins\Alistar_6.jpg,5
71,Alistar,0,skins\Alistar_7.jpg,5
72,Alistar,0,skins\Alistar_8.jpg,5
73,Alistar,0,skins\Alistar_9.jpg,5
74,Ambessa,0,skins\Ambessa_0.jpg,6
75,Ambessa,0,skins\Ambessa_1.jpg,6
76,Amumu,0,skins\Amumu_0.jpg,7
77,Amumu,0,skins\Amumu_1.jpg,7
78,Amumu,0,skins\Amumu_17.jpg,7
79,Amumu,0,skins\Amumu_2.jpg,7
80,Amumu,0,skins\Amumu_23.jpg,7
81,Amumu,0,skins\Amumu_24.jpg,7
82,Amumu,0,skins\Amumu_3.jpg,7
83,Amumu,0,skins\Amumu_34.jpg,7
84,Amumu,0,skins\Amumu_4.jpg,7
85,Amumu,0,skins\Amumu_44.jpg,7
86,Amumu,0,skins\Amumu_5.jpg,7
87,Amumu,0,skins\Amumu_6.jpg,7
88,Amumu,0,skins\Amumu_7.jpg,7
89,Amumu,0,skins\Amumu_8.jpg,7
90,Anivia,0,skins\Anivia_0.jpg,8
91,Anivia,0,skins\Anivia_1.jpg,8
92,Anivia,0,skins\Anivia_17.jpg,8
93,Anivia,0,skins\Anivia_2.jpg,8
94,Anivia,0,skins\Anivia_27.jpg,8
95,Anivia,0,skins\Anivia_3.jpg,8
96,Anivia,0,skins\Anivia_37.jpg,8
97,Anivia,0,skins\Anivia_4.jpg,8
98,Anivia,0,skins\Anivia_46.jpg,8
99,Anivia,0,skins\Anivia_5.jpg,8
100,Anivia,0,skins\Anivia_6.jpg,8
101,Anivia,0,skins\Anivia_7.jpg,8
102,Anivia,0,skins\Anivia_8.jpg,8
103,Annie,0,skins\Annie_0.jpg,9
104,Annie,0,skins\Annie_1.jpg,9
105,Annie,0,skins\Annie_10.jpg,9
106,Annie,0,skins\Annie_11.jpg,9
107,Annie,0,skins\Annie_12.jpg,9
108,Annie,0,skins\Annie_13.jpg,9
109,Annie,0,skins\Annie_2.jpg,9
110,Annie,0,skins\Annie_22.jpg,9
111,Annie,0,skins\Annie_3.jpg,9
112,Annie,0,skins\Annie_31.jpg,9
113,Annie,0,skins\Annie_4.jpg,9
114,Annie,0,skins\Annie_40.jpg,9
115,Annie,0,skins\Annie_5.jpg,9
116,Annie,0,skins\Annie_50.jpg,9
117,Annie,0,skins\Annie_6.jpg,9
118,Annie,0,skins\Annie_7.jpg,9
119,Annie,0,skins\Annie_8.jpg,9
120,Annie,0,skins\Annie_9.jpg,9
121,Aphelios,0,skins\Aphelios_0.jpg,10
122,Aphelios,0,skins\Aphelios_1.jpg,10
123,Aphelios,0,skins\Aphelios_18.jpg,10
124,Aphelios,0,skins\Aphelios_20.jpg,10
125,Aphelios,0,skins\Aphelios_30.jpg,10
126,Aphelios,0,skins\Aphelios_9.jpg,10
127,Ashe,0,skins\Ashe_0.jpg,11
128,Ashe,0,skins\Ashe_1.jpg,11
129,Ashe,0,skins\Ashe_11.jpg,11
130,Ashe,0,skins\Ashe_17.jpg,11
131,Ashe,0,skins\Ashe_2.jpg,11
132,Ashe,0,skins\Ashe_23.jpg,11
133,Ashe,0,skins\Ashe_3.jpg,11
134,Ashe,0,skins\Ashe_32.jpg,11
135,Ashe,0,skins\Ashe_4.jpg,11
136,Ashe,0,skins\Ashe_43.jpg,11
137,Ashe,0,skins\Ashe_5.jpg,11
138,Ashe,0,skins\Ashe_52.jpg,11
139,Ashe,0,skins\Ashe_6.jpg,11
140,Ashe,0,skins\Ashe_63.jpg,11
141,Ashe,0,skins\Ashe_65.jpg,11
142,Ashe,0,skins\Ashe_67.jpg,11
143,Ashe,0,skins\Ashe_7.jpg,11
144,Ashe,0,skins\Ashe_8.jpg,11
145,Ashe,0,skins\Ashe_9.jpg,11
146,Aurora,0,skins\Aurora_0.jpg,13
147,Aurora,0,skins\Aurora_1.jpg,13
148,Azir,0,skins\Azir_0.jpg,14
149,Azir,0,skins\Azir_1.jpg,14
150,Azir,0,skins\Azir_14.jpg,14
151,Azir,0,skins\Azir_19.jpg,14
152,Azir,0,skins\Azir_2.jpg,14
153,Azir,0,skins\Azir_3.jpg,14
154,Azir,0,skins\Azir_4.jpg,14
155,Azir,0,skins\Azir_5.jpg,14
156,Bard,0,skins\Bard_0.jpg,15
157,Bard,0,skins\Bard_1.jpg,15
158,Bard,0,skins\Bard_17.jpg,15
159,Bard,0,skins\Bard_26.jpg,15
160,Bard,0,skins\Bard_35.jpg,15
161,Bard,0,skins\Bard_5.jpg,15
162,Bard,0,skins\Bard_6.jpg,15
163,Bard,0,skins\Bard_8.jpg,15
164,Blitzcrank,0,skins\Blitzcrank_0.jpg,17
165,Blitzcrank,0,skins\Blitzcrank_1.jpg,17
166,Blitzcrank,0,skins\Blitzcrank_11.jpg,17
167,Blitzcrank,0,skins\Blitzcrank_2.jpg,17
168,Blitzcrank,0,skins\Blitzcrank_20.jpg,17
169,Blitzcrank,0,skins\Blitzcrank_21.jpg,17
170,Blitzcrank,0,skins\Blitzcrank_22.jpg,17
171,Blitzcrank,0,skins\Blitzcrank_29.jpg,17
172,Blitzcrank,0,skins\Blitzcrank_3.jpg,17
173,Blitzcrank,0,skins\Blitzcrank_36.jpg,17
174,Blitzcrank,0,skins\Blitzcrank_4.jpg,17
175,Blitzcrank,0,skins\Blitzcrank_47.jpg,17
176,Blitzcrank,0,skins\Blitzcrank_5.jpg,17
177,Blitzcrank,0,skins\Blitzcrank_56.jpg,17
178,Blitzcrank,0,skins\Blitzcrank_6.jpg,17
179,Blitzcrank,0,skins\Blitzcrank_7.jpg,17
180,Brand,0,skins\Brand_0.jpg,18
181,Brand,0,skins\Brand_1.jpg,18
182,Brand,0,skins\Brand_2.jpg,18
183,Brand,0,skins\Brand_21.jpg,18
184,Brand,0,skins\Brand_22.jpg,18
185,Brand,0,skins\Brand_3.jpg,18
186,Brand,0,skins\Brand_33.jpg,18
187,Brand,0,skins\Brand_4.jpg,18
188,Brand,0,skins\Brand_42.jpg,18
189,Brand,0,skins\Brand_5.jpg,18
190,Brand,0,skins\Brand_6.jpg,18
191,Brand,0,skins\Brand_7.jpg,18
192,Brand,0,skins\Brand_8.jpg,18
193,Braum,0,skins\Braum_0.jpg,19
194,Braum,0,skins\Braum_1.jpg,19
195,Braum,0,skins\Braum_10.jpg,19
196,Braum,0,skins\Braum_11.jpg,19
197,Braum,0,skins\Braum_2.jpg,19
198,Braum,0,skins\Braum_24.jpg,19
199,Braum,0,skins\Braum_3.jpg,19
200,Braum,0,skins\Braum_33.jpg,19
201,Briar,0,skins\Briar_0.jpg,20
202,Briar,0,skins\Briar_1.jpg,20
203,Briar,0,skins\Briar_10.jpg,20
204,Caitlyn,0,skins\Caitlyn_0.jpg,21
205,Caitlyn,0,skins\Caitlyn_1.jpg,21
206,Caitlyn,0,skins\Caitlyn_10.jpg,21
207,Caitlyn,0,skins\Caitlyn_11.jpg,21
208,Caitlyn,0,skins\Caitlyn_13.jpg,21
209,Caitlyn,0,skins\Caitlyn_19.jpg,21
210,Caitlyn,0,skins\Caitlyn_2.jpg,21
211,Caitlyn,0,skins\Caitlyn_20.jpg,21
212,Caitlyn,0,skins\Caitlyn_22.jpg,21
213,Caitlyn,0,skins\Caitlyn_28.jpg,21
214,Caitlyn,0,skins\Caitlyn_29.jpg,21
215,Caitlyn,0,skins\Caitlyn_3.jpg,21
216,Caitlyn,0,skins\Caitlyn_30.jpg,21
217,Caitlyn,0,skins\Caitlyn_39.jpg,21
218,Caitlyn,0,skins\Caitlyn_4.jpg,21
219,Caitlyn,0,skins\Caitlyn_48.jpg,21
220,Caitlyn,0,skins\Caitlyn_5.jpg,21
221,Caitlyn,0,skins\Caitlyn_50.jpg,21
222,Caitlyn,0,skins\Caitlyn_51.jpg,21
223,Caitlyn,0,skins\Caitlyn_6.jpg,21
224,Camille,0,skins\Camille_0.jpg,22
225,Camille,0,skins\Camille_1.jpg,22
226,Camille,0,skins\Camille_10.jpg,22
227,Camille,0,skins\Camille_11.jpg,22
228,Camille,0,skins\Camille_2.jpg,22
229,Camille,0,skins\Camille_21.jpg,22
230,Camille,0,skins\Camille_31.jpg,22
231,Camille,0,skins\Camille_32.jpg,22
232,Cassiopeia,0,skins\Cassiopeia_0.jpg,23
233,Cassiopeia,0,skins\Cassiopeia_1.jpg,23
234,Cassiopeia,0,skins\Cassiopeia_18.jpg,23
235,Cassiopeia,0,skins\Cassiopeia_2.jpg,23
236,Cassiopeia,0,skins\Cassiopeia_28.jpg,23
237,Cassiopeia,0,skins\Cassiopeia_3.jpg,23
238,Cassiopeia,0,skins\Cassiopeia_4.jpg,23
239,Cassiopeia,0,skins\Cassiopeia_8.jpg,23
240,Cassiopeia,0,skins\Cassiopeia_9.jpg,23
241,Corki,0,skins\Corki_0.jpg,25
242,Corki,0,skins\Corki_1.jpg,25
243,Corki,0,skins\Corki_18.jpg,25
244,Corki,0,skins\Corki_2.jpg,25
245,Corki,0,skins\Corki_26.jpg,25
246,Corki,0,skins\Corki_3.jpg,25
247,Corki,0,skins\Corki_4.jpg,25
248,Corki,0,skins\Corki_5.jpg,25
249,Corki,0,skins\Corki_6.jpg,25
250,Corki,0,skins\Corki_7.jpg,25
251,Corki,0,skins\Corki_8.jpg,25
252,Darius,0,skins\Darius_0.jpg,26
253,Darius,0,skins\Darius_1.jpg,26
254,Darius,0,skins\Darius_14.jpg,26
255,Darius,0,skins\Darius_15.jpg,26
256,Darius,0,skins\Darius_16.jpg,26
257,Darius,0,skins\Darius_2.jpg,26
258,Darius,0,skins\Darius_24.jpg,26
259,Darius,0,skins\Darius_3.jpg,26
260,Darius,0,skins\Darius_33.jpg,26
261,Darius,0,skins\Darius_4.jpg,26
262,Darius,0,skins\Darius_43.jpg,26
263,Darius,0,skins\Darius_54.jpg,26
264,Darius,0,skins\Darius_64.jpg,26
265,Darius,0,skins\Darius_8.jpg,26
266,Diana,0,skins\Diana_0.jpg,27
267,Diana,0,skins\Diana_1.jpg,27
268,Diana,0,skins\Diana_11.jpg,27
269,Diana,0,skins\Diana_12.jpg,27
270,Diana,0,skins\Diana_18.jpg,27
271,Diana,0,skins\Diana_2.jpg,27
272,Diana,0,skins\Diana_25.jpg,27
273,Diana,0,skins\Diana_26.jpg,27
274,Diana,0,skins\Diana_27.jpg,27
275,Diana,0,skins\Diana_3.jpg,27
276,Diana,0,skins\Diana_37.jpg,27
277,Diana,0,skins\Diana_47.jpg,27
278,Diana,0,skins\Diana_54.jpg,27
279,Diana,0,skins\Diana_64.jpg,27
280,Diana,0,skins\Diana_65.jpg,27
281,Draven,0,skins\Draven_0.jpg,29
282,Draven,0,skins\Draven_1.jpg,29
283,Draven,0,skins\Draven_12.jpg,29
284,Draven,0,skins\Draven_13.jpg,29
285,Draven,0,skins\Draven_2.jpg,29
286,Draven,0,skins\Draven_20.jpg,29
287,Draven,0,skins\Draven_29.jpg,29
288,Draven,0,skins\Draven_3.jpg,29
289,Draven,0,skins\Draven_39.jpg,29
290,Draven,0,skins\Draven_4.jpg,29
291,Draven,0,skins\Draven_48.jpg,29
292,Draven,0,skins\Draven_5.jpg,29
293,Draven,0,skins\Draven_6.jpg,29
294,Ekko,0,skins\Ekko_0.jpg,30
295,Ekko,0,skins\Ekko_1.jpg,30
296,Ekko,0,skins\Ekko_11.jpg,30
297,Ekko,0,skins\Ekko_12.jpg,30
298,Ekko,0,skins\Ekko_19.jpg,30
299,Ekko,0,skins\Ekko_2.jpg,30
300,Ekko,0,skins\Ekko_28.jpg,30
301,Ekko,0,skins\Ekko_3.jpg,30
302,Ekko,0,skins\Ekko_36.jpg,30
303,Ekko,0,skins\Ekko_45.jpg,30
304,Ekko,0,skins\Ekko_46.jpg,30
305,Ekko,0,skins\Ekko_56.jpg,30
306,Elise,0,skins\Elise_0.jpg,31
307,Elise,0,skins\Elise_1.jpg,31
308,Elise,0,skins\Elise_15.jpg,31
309,Elise,0,skins\Elise_2.jpg,31
310,Elise,0,skins\Elise_24.jpg,31
311,Elise,0,skins\Elise_3.jpg,31
312,Elise,0,skins\Elise_4.jpg,31
313,Elise,0,skins\Elise_5.jpg,31
314,Elise,0,skins\Elise_6.jpg,31
315,Evelynn,0,skins\Evelynn_0.jpg,32
316,Evelynn,0,skins\Evelynn_1.jpg,32
317,Evelynn,0,skins\Evelynn_15.jpg,32
318,Evelynn,0,skins\Evelynn_2.jpg,32
319,Evelynn,0,skins\Evelynn_24.jpg,32
320,Evelynn,0,skins\Evelynn_3.jpg,32
321,Evelynn,0,skins\Evelynn_31.jpg,32
322,Evelynn,0,skins\Evelynn_32.jpg,32
323,Evelynn,0,skins\Evelynn_4.jpg,32
324,Evelynn,0,skins\Evelynn_42.jpg,32
325,Evelynn,0,skins\Evelynn_5.jpg,32
326,Evelynn,0,skins\Evelynn_52.jpg,32
327,Evelynn,0,skins\Evelynn_53.jpg,32
328,Evelynn,0,skins\Evelynn_6.jpg,32
329,Evelynn,0,skins\Evelynn_7.jpg,32
330,Evelynn,0,skins\Evelynn_8.jpg,32
331,Ezreal,0,skins\Ezreal_0.jpg,33
332,Ezreal,0,skins\Ezreal_1.jpg,33
333,Ezreal,0,skins\Ezreal_18.jpg,33
334,Ezreal,0,skins\Ezreal_19.jpg,33
335,Ezreal,0,skins\Ezreal_2.jpg,33
336,Ezreal,0,skins\Ezreal_20.jpg,33
337,Ezreal,0,skins\Ezreal_21.jpg,33
338,Ezreal,0,skins\Ezreal_22.jpg,33
339,Ezreal,0,skins\Ezreal_23.jpg,33
340,Ezreal,0,skins\Ezreal_25.jpg,33
341,Ezreal,0,skins\Ezreal_3.jpg,33
342,Ezreal,0,skins\Ezreal_33.jpg,33
343,Ezreal,0,skins\Ezreal_4.jpg,33
344,Ezreal,0,skins\Ezreal_43.jpg,33
345,Ezreal,0,skins\Ezreal_44.jpg,33
346,Ezreal,0,skins\Ezreal_5.jpg,33
347,Ezreal,0,skins\Ezreal_54.jpg,33
348,Ezreal,0,skins\Ezreal_6.jpg,33
349,Ezreal,0,skins\Ezreal_7.jpg,33
350,Ezreal,0,skins\Ezreal_8.jpg,33
351,Ezreal,0,skins\Ezreal_9.jpg,33
352,Fiddlesticks,0,skins\FiddleSticks_0.jpg,34
353,Fiddlesticks,0,skins\FiddleSticks_1.jpg,34
354,Fiddlesticks,0,skins\FiddleSticks_2.jpg,34
355,Fiddlesticks,0,skins\FiddleSticks_27.jpg,34
356,Fiddlesticks,0,skins\FiddleSticks_3.jpg,34
357,Fiddlesticks,0,skins\FiddleSticks_37.jpg,34
358,Fiddlesticks,0,skins\FiddleSticks_4.jpg,34
359,Fiddlesticks,0,skins\FiddleSticks_5.jpg,34
360,Fiddlesticks,0,skins\FiddleSticks_6.jpg,34
361,Fiddlesticks,0,skins\FiddleSticks_7.jpg,34
362,Fiddlesticks,0,skins\FiddleSticks_8.jpg,34
363,Fiddlesticks,0,skins\FiddleSticks_9.jpg,34
364,Fiora,0,skins\Fiora_0.jpg,35
365,Fiora,0,skins\Fiora_1.jpg,35
366,Fiora,0,skins\Fiora_2.jpg,35
367,Fiora,0,skins\Fiora_22.jpg,35
368,Fiora,0,skins\Fiora_23.jpg,35
369,Fiora,0,skins\Fiora_3.jpg,35
370,Fiora,0,skins\Fiora_31.jpg,35
371,Fiora,0,skins\Fiora_4.jpg,35
372,Fiora,0,skins\Fiora_41.jpg,35
373,Fiora,0,skins\Fiora_5.jpg,35
374,Fiora,0,skins\Fiora_50.jpg,35
375,Fiora,0,skins\Fiora_51.jpg,35
376,Fiora,0,skins\Fiora_60.jpg,35
377,Fiora,0,skins\Fiora_69.jpg,35
378,Fiora,0,skins\Fiora_80.jpg,35
379,Fiora,0,skins\Fiora_89.jpg,35
380,Fizz,0,skins\Fizz_0.jpg,36
381,Fizz,0,skins\Fizz_1.jpg,36
382,Fizz,0,skins\Fizz_10.jpg,36
383,Fizz,0,skins\Fizz_14.jpg,36
384,Fizz,0,skins\Fizz_15.jpg,36
385,Fizz,0,skins\Fizz_16.jpg,36
386,Fizz,0,skins\Fizz_2.jpg,36
387,Fizz,0,skins\Fizz_25.jpg,36
388,Fizz,0,skins\Fizz_26.jpg,36
389,Fizz,0,skins\Fizz_3.jpg,36
390,Fizz,0,skins\Fizz_35.jpg,36
391,Fizz,0,skins\Fizz_4.jpg,36
392,Fizz,0,skins\Fizz_8.jpg,36
393,Fizz,0,skins\Fizz_9.jpg,36
394,Galio,0,skins\Galio_0.jpg,37
395,Galio,0,skins\Galio_1.jpg,37
396,Galio,0,skins\Galio_13.jpg,37
397,Galio,0,skins\Galio_19.jpg,37
398,Galio,0,skins\Galio_2.jpg,37
399,Galio,0,skins\Galio_28.jpg,37
400,Galio,0,skins\Galio_3.jpg,37
401,Galio,0,skins\Galio_4.jpg,37
402,Galio,0,skins\Galio_5.jpg,37
403,Galio,0,skins\Galio_6.jpg,37
404,Gangplank,0,skins\Gangplank_0.jpg,38
405,Gangplank,0,skins\Gangplank_1.jpg,38
406,Gangplank,0,skins\Gangplank_14.jpg,38
407,Gangplank,0,skins\Gangplank_2.jpg,38
408,Gangplank,0,skins\Gangplank_21.jpg,38
409,Gangplank,0,skins\Gangplank_23.jpg,38
410,Gangplank,0,skins\Gangplank_3.jpg,38
411,Gangplank,0,skins\Gangplank_33.jpg,38
412,Gangplank,0,skins\Gangplank_4.jpg,38
413,Gangplank,0,skins\Gangplank_5.jpg,38
414,Gangplank,0,skins\Gangplank_6.jpg,38
415,Gangplank,0,skins\Gangplank_7.jpg,38
416,Gangplank,0,skins\Gangplank_8.jpg,38
417,Garen,0,skins\Garen_0.jpg,39
418,Garen,0,skins\Garen_1.jpg,39
419,Garen,0,skins\Garen_10.jpg,39
420,Garen,0,skins\Garen_11.jpg,39
421,Garen,0,skins\Garen_13.jpg,39
422,Garen,0,skins\Garen_14.jpg,39
423,Garen,0,skins\Garen_2.jpg,39
424,Garen,0,skins\Garen_22.jpg,39
425,Garen,0,skins\Garen_23.jpg,39
426,Garen,0,skins\Garen_24.jpg,39
427,Garen,0,skins\Garen_3.jpg,39
428,Garen,0,skins\Garen_33.jpg,39
429,Garen,0,skins\Garen_4.jpg,39
430,Garen,0,skins\Garen_44.jpg,39
431,Garen,0,skins\Garen_5.jpg,39
432,Garen,0,skins\Garen_6.jpg,39
433,Gnar,0,skins\Gnar_0.jpg,40
434,Gnar,0,skins\Gnar_1.jpg,40
435,Gnar,0,skins\Gnar_13.jpg,40
436,Gnar,0,skins\Gnar_14.jpg,40
437,Gnar,0,skins\Gnar_15.jpg,40
438,Gnar,0,skins\Gnar_2.jpg,40
439,Gnar,0,skins\Gnar_22.jpg,40
440,Gnar,0,skins\Gnar_3.jpg,40
441,Gnar,0,skins\Gnar_31.jpg,40
442,Gnar,0,skins\Gnar_4.jpg,40
443,Gragas,0,skins\Gragas_0.jpg,41
444,Gragas,0,skins\Gragas_1.jpg,41
445,Gragas,0,skins\Gragas_10.jpg,41
446,Gragas,0,skins\Gragas_11.jpg,41
447,Gragas,0,skins\Gragas_2.jpg,41
448,Gragas,0,skins\Gragas_20.jpg,41
449,Gragas,0,skins\Gragas_29.jpg,41
450,Gragas,0,skins\Gragas_3.jpg,41
451,Gragas,0,skins\Gragas_39.jpg,41
452,Gragas,0,skins\Gragas_4.jpg,41
453,Gragas,0,skins\Gragas_5.jpg,41
454,Gragas,0,skins\Gragas_6.jpg,41
455,Gragas,0,skins\Gragas_7.jpg,41
456,Gragas,0,skins\Gragas_8.jpg,41
457,Gragas,0,skins\Gragas_9.jpg,41
458,Graves,0,skins\Graves_0.jpg,42
459,Graves,0,skins\Graves_1.jpg,42
460,Graves,0,skins\Graves_14.jpg,42
461,Graves,0,skins\Graves_18.jpg,42
462,Graves,0,skins\Graves_2.jpg,42
463,Graves,0,skins\Graves_25.jpg,42
464,Graves,0,skins\Graves_3.jpg,42
465,Graves,0,skins\Graves_35.jpg,42
466,Graves,0,skins\Graves_4.jpg,42
467,Graves,0,skins\Graves_42.jpg,42
468,Graves,0,skins\Graves_45.jpg,42
469,Graves,0,skins\Graves_5.jpg,42
470,Graves,0,skins\Graves_6.jpg,42
471,Graves,0,skins\Graves_7.jpg,42
472,Gwen,0,skins\Gwen_0.jpg,43
473,Gwen,0,skins\Gwen_1.jpg,43
474,Gwen,0,skins\Gwen_11.jpg,43
475,Gwen,0,skins\Gwen_20.jpg,43
476,Gwen,0,skins\Gwen_30.jpg,43
477,Hecarim,0,skins\Hecarim_0.jpg,44
478,Hecarim,0,skins\Hecarim_1.jpg,44
479,Hecarim,0,skins\Hecarim_14.jpg,44
480,Hecarim,0,skins\Hecarim_2.jpg,44
481,Hecarim,0,skins\Hecarim_22.jpg,44
482,Hecarim,0,skins\Hecarim_3.jpg,44
483,Hecarim,0,skins\Hecarim_31.jpg,44
484,Hecarim,0,skins\Hecarim_4.jpg,44
485,Hecarim,0,skins\Hecarim_5.jpg,44
486,Hecarim,0,skins\Hecarim_6.jpg,44
487,Hecarim,0,skins\Hecarim_7.jpg,44
488,Hecarim,0,skins\Hecarim_8.jpg,44
489,Heimerdinger,0,skins\Heimerdinger_0.jpg,45
490,Heimerdinger,0,skins\Heimerdinger_1.jpg,45
491,Heimerdinger,0,skins\Heimerdinger_15.jpg,45
492,Heimerdinger,0,skins\Heimerdinger_2.jpg,45
493,Heimerdinger,0,skins\Heimerdinger_24.jpg,45
494,Heimerdinger,0,skins\Heimerdinger_3.jpg,45
495,Heimerdinger,0,skins\Heimerdinger_4.jpg,45
496,Heimerdinger,0,skins\Heimerdinger_5.jpg,45
497,Heimerdinger,0,skins\Heimerdinger_6.jpg,45
498,Hwei,0,skins\Hwei_0.jpg,46
499,Hwei,0,skins\Hwei_1.jpg,46
500,Illaoi,0,skins\Illaoi_0.jpg,47
501,Illaoi,0,skins\Illaoi_1.jpg,47
502,Illaoi,0,skins\Illaoi_10.jpg,47
503,Illaoi,0,skins\Illaoi_18.jpg,47
504,Illaoi,0,skins\Illaoi_2.jpg,47
505,Illaoi,0,skins\Illaoi_27.jpg,47
506,Irelia,0,skins\Irelia_0.jpg,48
507,Irelia,0,skins\Irelia_1.jpg,48
508,Irelia,0,skins\Irelia_15.jpg,48
509,Irelia,0,skins\Irelia_16.jpg,48
510,Irelia,0,skins\Irelia_17.jpg,48
511,Irelia,0,skins\Irelia_18.jpg,48
512,Irelia,0,skins\Irelia_2.jpg,48
513,Irelia,0,skins\Irelia_26.jpg,48
514,Irelia,0,skins\Irelia_3.jpg,48
515,Irelia,0,skins\Irelia_36.jpg,48
516,Irelia,0,skins\Irelia_37.jpg,48
517,Irelia,0,skins\Irelia_4.jpg,48
518,Irelia,0,skins\Irelia_45.jpg,48
519,Irelia,0,skins\Irelia_5.jpg,48
520,Irelia,0,skins\Irelia_6.jpg,48
521,Ivern,0,skins\Ivern_0.jpg,49
522,Ivern,0,skins\Ivern_1.jpg,49
523,Ivern,0,skins\Ivern_11.jpg,49
524,Ivern,0,skins\Ivern_2.jpg,49
525,Ivern,0,skins\Ivern_20.jpg,49
526,Janna,0,skins\Janna_0.jpg,50
527,Janna,0,skins\Janna_1.jpg,50
528,Janna,0,skins\Janna_13.jpg,50
529,Janna,0,skins\Janna_2.jpg,50
530,Janna,0,skins\Janna_20.jpg,50
531,Janna,0,skins\Janna_27.jpg,50
532,Janna,0,skins\Janna_3.jpg,50
533,Janna,0,skins\Janna_36.jpg,50
534,Janna,0,skins\Janna_4.jpg,50
535,Janna,0,skins\Janna_45.jpg,50
536,Janna,0,skins\Janna_46.jpg,50
537,Janna,0,skins\Janna_5.jpg,50
538,Janna,0,skins\Janna_56.jpg,50
539,Janna,0,skins\Janna_6.jpg,50
540,Janna,0,skins\Janna_7.jpg,50
541,Janna,0,skins\Janna_8.jpg,50
542,Jax,0,skins\Jax_0.jpg,52
543,Jax,0,skins\Jax_1.jpg,52
544,Jax,0,skins\Jax_12.jpg,52
545,Jax,0,skins\Jax_13.jpg,52
546,Jax,0,skins\Jax_14.jpg,52
547,Jax,0,skins\Jax_2.jpg,52
548,Jax,0,skins\Jax_20.jpg,52
549,Jax,0,skins\Jax_21.jpg,52
550,Jax,0,skins\Jax_22.jpg,52
551,Jax,0,skins\Jax_3.jpg,52
552,Jax,0,skins\Jax_32.jpg,52
553,Jax,0,skins\Jax_33.jpg,52
554,Jax,0,skins\Jax_4.jpg,52
555,Jax,0,skins\Jax_5.jpg,52
556,Jax,0,skins\Jax_6.jpg,52
557,Jax,0,skins\Jax_7.jpg,52
558,Jax,0,skins\Jax_8.jpg,52
559,Jayce,0,skins\Jayce_0.jpg,53
560,Jayce,0,skins\Jayce_1.jpg,53
561,Jayce,0,skins\Jayce_15.jpg,53
562,Jayce,0,skins\Jayce_2.jpg,53
563,Jayce,0,skins\Jayce_24.jpg,53
564,Jayce,0,skins\Jayce_25.jpg,53
565,Jayce,0,skins\Jayce_3.jpg,53
566,Jayce,0,skins\Jayce_34.jpg,53
567,Jayce,0,skins\Jayce_35.jpg,53
568,Jayce,0,skins\Jayce_36.jpg,53
569,Jayce,0,skins\Jayce_4.jpg,53
570,Jayce,0,skins\Jayce_5.jpg,53
571,Jhin,0,skins\Jhin_0.jpg,54
572,Jhin,0,skins\Jhin_1.jpg,54
573,Jhin,0,skins\Jhin_14.jpg,54
574,Jhin,0,skins\Jhin_2.jpg,54
575,Jhin,0,skins\Jhin_23.jpg,54
576,Jhin,0,skins\Jhin_25.jpg,54
577,Jhin,0,skins\Jhin_3.jpg,54
578,Jhin,0,skins\Jhin_36.jpg,54
579,Jhin,0,skins\Jhin_37.jpg,54
580,Jhin,0,skins\Jhin_4.jpg,54
581,Jhin,0,skins\Jhin_5.jpg,54
582,Jinx,0,skins\Jinx_0.jpg,55
583,Jinx,0,skins\Jinx_1.jpg,55
584,Jinx,0,skins\Jinx_12.jpg,55
585,Jinx,0,skins\Jinx_13.jpg,55
586,Jinx,0,skins\Jinx_2.jpg,55
587,Jinx,0,skins\Jinx_20.jpg,55
588,Jinx,0,skins\Jinx_29.jpg,55
589,Jinx,0,skins\Jinx_3.jpg,55
590,Jinx,0,skins\Jinx_37.jpg,55
591,Jinx,0,skins\Jinx_38.jpg,55
592,Jinx,0,skins\Jinx_4.jpg,55
593,Jinx,0,skins\Jinx_40.jpg,55
594,Jinx,0,skins\Jinx_51.jpg,55
595,Jinx,0,skins\Jinx_62.jpg,55
596,Kalista,0,skins\Kalista_0.jpg,58
597,Kalista,0,skins\Kalista_1.jpg,58
598,Kalista,0,skins\Kalista_14.jpg,58
599,Kalista,0,skins\Kalista_2.jpg,58
600,Kalista,0,skins\Kalista_3.jpg,58
601,Kalista,0,skins\Kalista_5.jpg,58
602,Karma,0,skins\Karma_0.jpg,59
603,Karma,0,skins\Karma_1.jpg,59
604,Karma,0,skins\Karma_19.jpg,59
605,Karma,0,skins\Karma_2.jpg,59
606,Karma,0,skins\Karma_26.jpg,59
607,Karma,0,skins\Karma_27.jpg,59
608,Karma,0,skins\Karma_3.jpg,59
609,Karma,0,skins\Karma_4.jpg,59
610,Karma,0,skins\Karma_44.jpg,59
611,Karma,0,skins\Karma_5.jpg,59
612,Karma,0,skins\Karma_54.jpg,59
613,Karma,0,skins\Karma_6.jpg,59
614,Karma,0,skins\Karma_61.jpg,59
615,Karma,0,skins\Karma_7.jpg,59
616,Karma,0,skins\Karma_8.jpg,59
617,Karthus,0,skins\Karthus_0.jpg,60
618,Karthus,0,skins\Karthus_1.jpg,60
619,Karthus,0,skins\Karthus_10.jpg,60
620,Karthus,0,skins\Karthus_17.jpg,60
621,Karthus,0,skins\Karthus_2.jpg,60
622,Karthus,0,skins\Karthus_26.jpg,60
623,Karthus,0,skins\Karthus_3.jpg,60
624,Karthus,0,skins\Karthus_4.jpg,60
625,Karthus,0,skins\Karthus_5.jpg,60
626,Karthus,0,skins\Karthus_9.jpg,60
627,Kassadin,0,skins\Kassadin_0.jpg,61
628,Kassadin,0,skins\Kassadin_1.jpg,61
629,Kassadin,0,skins\Kassadin_14.jpg,61
630,Kassadin,0,skins\Kassadin_15.jpg,61
631,Kassadin,0,skins\Kassadin_2.jpg,61
632,Kassadin,0,skins\Kassadin_24.jpg,61
633,Kassadin,0,skins\Kassadin_3.jpg,61
634,Kassadin,0,skins\Kassadin_4.jpg,61
635,Kassadin,0,skins\Kassadin_5.jpg,61
636,Kassadin,0,skins\Kassadin_6.jpg,61
637,Katarina,0,skins\Katarina_0.jpg,62
638,Katarina,0,skins\Katarina_1.jpg,62
639,Katarina,0,skins\Katarina_10.jpg,62
640,Katarina,0,skins\Katarina_12.jpg,62
641,Katarina,0,skins\Katarina_2.jpg,62
642,Katarina,0,skins\Katarina_21.jpg,62
643,Katarina,0,skins\Katarina_29.jpg,62
644,Katarina,0,skins\Katarina_3.jpg,62
645,Katarina,0,skins\Katarina_37.jpg,62
646,Katarina,0,skins\Katarina_4.jpg,62
647,Katarina,0,skins\Katarina_47.jpg,62
648,Katarina,0,skins\Katarina_48.jpg,62
649,Katarina,0,skins\Katarina_5.jpg,62
650,Katarina,0,skins\Katarina_59.jpg,62
651,Katarina,0,skins\Katarina_6.jpg,62
652,Katarina,0,skins\Katarina_7.jpg,62
653,Katarina,0,skins\Katarina_8.jpg,62
654,Katarina,0,skins\Katarina_9.jpg,62
655,Kayle,0,skins\Kayle_0.jpg,63
656,Kayle,0,skins\Kayle_1.jpg,63
657,Kayle,0,skins\Kayle_15.jpg,63
658,Kayle,0,skins\Kayle_2.jpg,63
659,Kayle,0,skins\Kayle_24.jpg,63
660,Kayle,0,skins\Kayle_3.jpg,63
661,Kayle,0,skins\Kayle_33.jpg,63
662,Kayle,0,skins\Kayle_4.jpg,63
663,Kayle,0,skins\Kayle_42.jpg,63
664,Kayle,0,skins\Kayle_5.jpg,63
665,Kayle,0,skins\Kayle_57.jpg,63
666,Kayle,0,skins\Kayle_6.jpg,63
667,Kayle,0,skins\Kayle_66.jpg,63
668,Kayle,0,skins\Kayle_67.jpg,63
669,Kayle,0,skins\Kayle_7.jpg,63
670,Kayle,0,skins\Kayle_8.jpg,63
671,Kayle,0,skins\Kayle_9.jpg,63
672,Kayn,0,skins\Kayn_0.jpg,64
673,Kayn,0,skins\Kayn_1.jpg,64
674,Kayn,0,skins\Kayn_15.jpg,64
675,Kayn,0,skins\Kayn_2.jpg,64
676,Kayn,0,skins\Kayn_20.jpg,64
677,Kayn,0,skins\Kayn_8.jpg,64
678,Kayn,0,skins\Kayn_9.jpg,64
679,Kennen,0,skins\Kennen_0.jpg,65
680,Kennen,0,skins\Kennen_1.jpg,65
681,Kennen,0,skins\Kennen_2.jpg,65
682,Kennen,0,skins\Kennen_23.jpg,65
683,Kennen,0,skins\Kennen_25.jpg,65
684,Kennen,0,skins\Kennen_3.jpg,65
685,Kennen,0,skins\Kennen_4.jpg,65
686,Kennen,0,skins\Kennen_5.jpg,65
687,Kennen,0,skins\Kennen_6.jpg,65
688,Kennen,0,skins\Kennen_7.jpg,65
689,Kennen,0,skins\Kennen_8.jpg,65
690,Kindred,0,skins\Kindred_0.jpg,67
691,Kindred,0,skins\Kindred_1.jpg,67
692,Kindred,0,skins\Kindred_12.jpg,67
693,Kindred,0,skins\Kindred_2.jpg,67
694,Kindred,0,skins\Kindred_22.jpg,67
695,Kindred,0,skins\Kindred_23.jpg,67
696,Kindred,0,skins\Kindred_3.jpg,67
697,Kindred,0,skins\Kindred_33.jpg,67
698,Kindred,0,skins\Kindred_34.jpg,67
699,Kled,0,skins\Kled_0.jpg,68
700,Kled,0,skins\Kled_1.jpg,68
701,Kled,0,skins\Kled_18.jpg,68
702,Kled,0,skins\Kled_2.jpg,68
703,Kled,0,skins\Kled_9.jpg,68
704,Leona,0,skins\Leona_0.jpg,72
705,Leona,0,skins\Leona_1.jpg,72
706,Leona,0,skins\Leona_10.jpg,72
707,Leona,0,skins\Leona_11.jpg,72
708,Leona,0,skins\Leona_12.jpg,72
709,Leona,0,skins\Leona_2.jpg,72
710,Leona,0,skins\Leona_21.jpg,72
711,Leona,0,skins\Leona_22.jpg,72
712,Leona,0,skins\Leona_23.jpg,72
713,Leona,0,skins\Leona_3.jpg,72
714,Leona,0,skins\Leona_33.jpg,72
715,Leona,0,skins\Leona_34.jpg,72
716,Leona,0,skins\Leona_4.jpg,72
717,Leona,0,skins\Leona_50.jpg,72
718,Leona,0,skins\Leona_52.jpg,72
719,Leona,0,skins\Leona_53.jpg,72
720,Leona,0,skins\Leona_8.jpg,72
721,Leona,0,skins\Leona_9.jpg,72
722,Lillia,0,skins\Lillia_0.jpg,73
723,Lillia,0,skins\Lillia_1.jpg,73
724,Lillia,0,skins\Lillia_10.jpg,73
725,Lillia,0,skins\Lillia_19.jpg,73
726,Lillia,0,skins\Lillia_28.jpg,73
727,Lissandra,0,skins\Lissandra_0.jpg,74
728,Lissandra,0,skins\Lissandra_1.jpg,74
729,Lissandra,0,skins\Lissandra_12.jpg,74
730,Lissandra,0,skins\Lissandra_2.jpg,74
731,Lissandra,0,skins\Lissandra_23.jpg,74
732,Lissandra,0,skins\Lissandra_3.jpg,74
733,Lissandra,0,skins\Lissandra_33.jpg,74
734,Lissandra,0,skins\Lissandra_34.jpg,74
735,Lissandra,0,skins\Lissandra_4.jpg,74
736,Lucian,0,skins\Lucian_0.jpg,75
737,Lucian,0,skins\Lucian_1.jpg,75
738,Lucian,0,skins\Lucian_18.jpg,75
739,Lucian,0,skins\Lucian_19.jpg,75
740,Lucian,0,skins\Lucian_2.jpg,75
741,Lucian,0,skins\Lucian_25.jpg,75
742,Lucian,0,skins\Lucian_31.jpg,75
743,Lucian,0,skins\Lucian_40.jpg,75
744,Lucian,0,skins\Lucian_52.jpg,75
745,Lucian,0,skins\Lucian_6.jpg,75
746,Lucian,0,skins\Lucian_7.jpg,75
747,Lucian,0,skins\Lucian_8.jpg,75
748,Lucian,0,skins\Lucian_9.jpg,75
749,Lulu,0,skins\Lulu_0.jpg,76
750,Lulu,0,skins\Lulu_1.jpg,76
751,Lulu,0,skins\Lulu_14.jpg,76
752,Lulu,0,skins\Lulu_15.jpg,76
753,Lulu,0,skins\Lulu_2.jpg,76
754,Lulu,0,skins\Lulu_26.jpg,76
755,Lulu,0,skins\Lulu_27.jpg,76
756,Lulu,0,skins\Lulu_3.jpg,76
757,Lulu,0,skins\Lulu_37.jpg,76
758,Lulu,0,skins\Lulu_4.jpg,76
759,Lulu,0,skins\Lulu_46.jpg,76
760,Lulu,0,skins\Lulu_5.jpg,76
761,Lulu,0,skins\Lulu_6.jpg,76
762,Lux,0,skins\Lux_0.jpg,77
763,Lux,0,skins\Lux_1.jpg,77
764,Lux,0,skins\Lux_14.jpg,77
765,Lux,0,skins\Lux_15.jpg,77
766,Lux,0,skins\Lux_16.jpg,77
767,Lux,0,skins\Lux_17.jpg,77
768,Lux,0,skins\Lux_18.jpg,77
769,Lux,0,skins\Lux_19.jpg,77
770,Lux,0,skins\Lux_2.jpg,77
771,Lux,0,skins\Lux_29.jpg,77
772,Lux,0,skins\Lux_3.jpg,77
773,Lux,0,skins\Lux_38.jpg,77
774,Lux,0,skins\Lux_39.jpg,77
775,Lux,0,skins\Lux_4.jpg,77
776,Lux,0,skins\Lux_40.jpg,77
777,Lux,0,skins\Lux_42.jpg,77
778,Lux,0,skins\Lux_5.jpg,77
779,Lux,0,skins\Lux_6.jpg,77
780,Lux,0,skins\Lux_61.jpg,77
781,Lux,0,skins\Lux_7.jpg,77
782,Lux,0,skins\Lux_8.jpg,77
783,Malphite,0,skins\Malphite_0.jpg,78
784,Malphite,0,skins\Malphite_1.jpg,78
785,Malphite,0,skins\Malphite_16.jpg,78
786,Malphite,0,skins\Malphite_2.jpg,78
787,Malphite,0,skins\Malphite_23.jpg,78
788,Malphite,0,skins\Malphite_24.jpg,78
789,Malphite,0,skins\Malphite_25.jpg,78
790,Malphite,0,skins\Malphite_27.jpg,78
791,Malphite,0,skins\Malphite_3.jpg,78
792,Malphite,0,skins\Malphite_37.jpg,78
793,Malphite,0,skins\Malphite_4.jpg,78
794,Malphite,0,skins\Malphite_5.jpg,78
795,Malphite,0,skins\Malphite_6.jpg,78
796,Malphite,0,skins\Malphite_7.jpg,78
797,Malzahar,0,skins\Malzahar_0.jpg,79
798,Malzahar,0,skins\Malzahar_1.jpg,79
799,Malzahar,0,skins\Malzahar_18.jpg,79
800,Malzahar,0,skins\Malzahar_2.jpg,79
801,Malzahar,0,skins\Malzahar_28.jpg,79
802,Malzahar,0,skins\Malzahar_3.jpg,79
803,Malzahar,0,skins\Malzahar_38.jpg,79
804,Malzahar,0,skins\Malzahar_39.jpg,79
805,Malzahar,0,skins\Malzahar_4.jpg,79
806,Malzahar,0,skins\Malzahar_5.jpg,79
807,Malzahar,0,skins\Malzahar_6.jpg,79
808,Malzahar,0,skins\Malzahar_7.jpg,79
809,Malzahar,0,skins\Malzahar_9.jpg,79
810,Maokai,0,skins\Maokai_0.jpg,80
811,Maokai,0,skins\Maokai_1.jpg,80
812,Maokai,0,skins\Maokai_16.jpg,80
813,Maokai,0,skins\Maokai_2.jpg,80
814,Maokai,0,skins\Maokai_24.jpg,80
815,Maokai,0,skins\Maokai_3.jpg,80
816,Maokai,0,skins\Maokai_33.jpg,80
817,Maokai,0,skins\Maokai_4.jpg,80
818,Maokai,0,skins\Maokai_5.jpg,80
819,Maokai,0,skins\Maokai_6.jpg,80
820,Maokai,0,skins\Maokai_7.jpg,80
821,Milio,0,skins\Milio_0.jpg,82
822,Milio,0,skins\Milio_1.jpg,82
823,Milio,0,skins\Milio_11.jpg,82
824,Mordekaiser,0,skins\Mordekaiser_0.jpg,84
825,Mordekaiser,0,skins\Mordekaiser_1.jpg,84
826,Mordekaiser,0,skins\Mordekaiser_13.jpg,84
827,Mordekaiser,0,skins\Mordekaiser_2.jpg,84
828,Mordekaiser,0,skins\Mordekaiser_23.jpg,84
829,Mordekaiser,0,skins\Mordekaiser_3.jpg,84
830,Mordekaiser,0,skins\Mordekaiser_32.jpg,84
831,Mordekaiser,0,skins\Mordekaiser_4.jpg,84
832,Mordekaiser,0,skins\Mordekaiser_42.jpg,84
833,Mordekaiser,0,skins\Mordekaiser_44.jpg,84
834,Mordekaiser,0,skins\Mordekaiser_5.jpg,84
835,Mordekaiser,0,skins\Mordekaiser_6.jpg,84
836,Morgana,0,skins\Morgana_0.jpg,85
837,Morgana,0,skins\Morgana_1.jpg,85
838,Morgana,0,skins\Morgana_10.jpg,85
839,Morgana,0,skins\Morgana_11.jpg,85
840,Morgana,0,skins\Morgana_17.jpg,85
841,Morgana,0,skins\Morgana_2.jpg,85
842,Morgana,0,skins\Morgana_26.jpg,85
843,Morgana,0,skins\Morgana_3.jpg,85
844,Morgana,0,skins\Morgana_39.jpg,85
845,Morgana,0,skins\Morgana_4.jpg,85
846,Morgana,0,skins\Morgana_41.jpg,85
847,Morgana,0,skins\Morgana_5.jpg,85
848,Morgana,0,skins\Morgana_50.jpg,85
849,Morgana,0,skins\Morgana_6.jpg,85
850,Morgana,0,skins\Morgana_60.jpg,85
851,Morgana,0,skins\Morgana_70.jpg,85
852,Naafiri,0,skins\Naafiri_0.jpg,86
853,Naafiri,0,skins\Naafiri_1.jpg,86
854,Naafiri,0,skins\Naafiri_11.jpg,86
855,Nami,0,skins\Nami_0.jpg,87
856,Nami,0,skins\Nami_1.jpg,87
857,Nami,0,skins\Nami_15.jpg,87
858,Nami,0,skins\Nami_2.jpg,87
859,Nami,0,skins\Nami_24.jpg,87
860,Nami,0,skins\Nami_3.jpg,87
861,Nami,0,skins\Nami_32.jpg,87
862,Nami,0,skins\Nami_41.jpg,87
863,Nami,0,skins\Nami_42.jpg,87
864,Nami,0,skins\Nami_51.jpg,87
865,Nami,0,skins\Nami_7.jpg,87
866,Nami,0,skins\Nami_8.jpg,87
867,Nami,0,skins\Nami_9.jpg,87
868,Nasus,0,skins\Nasus_0.jpg,88
869,Nasus,0,skins\Nasus_1.jpg,88
870,Nasus,0,skins\Nasus_10.jpg,88
871,Nasus,0,skins\Nasus_11.jpg,88
872,Nasus,0,skins\Nasus_16.jpg,88
873,Nasus,0,skins\Nasus_2.jpg,88
874,Nasus,0,skins\Nasus_25.jpg,88
875,Nasus,0,skins\Nasus_3.jpg,88
876,Nasus,0,skins\Nasus_35.jpg,88
877,Nasus,0,skins\Nasus_4.jpg,88
878,Nasus,0,skins\Nasus_45.jpg,88
879,Nasus,0,skins\Nasus_5.jpg,88
880,Nasus,0,skins\Nasus_6.jpg,88
881,Nautilus,0,skins\Nautilus_0.jpg,89
882,Nautilus,0,skins\Nautilus_1.jpg,89
883,Nautilus,0,skins\Nautilus_18.jpg,89
884,Nautilus,0,skins\Nautilus_2.jpg,89
885,Nautilus,0,skins\Nautilus_27.jpg,89
886,Nautilus,0,skins\Nautilus_3.jpg,89
887,Nautilus,0,skins\Nautilus_36.jpg,89
888,Nautilus,0,skins\Nautilus_4.jpg,89
889,Nautilus,0,skins\Nautilus_5.jpg,89
890,Nautilus,0,skins\Nautilus_6.jpg,89
891,Nautilus,0,skins\Nautilus_9.jpg,89
892,Neeko,0,skins\Neeko_0.jpg,90
893,Neeko,0,skins\Neeko_1.jpg,90
894,Neeko,0,skins\Neeko_10.jpg,90
895,Neeko,0,skins\Neeko_11.jpg,90
896,Neeko,0,skins\Neeko_12.jpg,90
897,Neeko,0,skins\Neeko_21.jpg,90
898,Neeko,0,skins\Neeko_22.jpg,90
899,Neeko,0,skins\Neeko_31.jpg,90
900,Neeko,0,skins\Neeko_40.jpg,90
901,Nidalee,0,skins\Nidalee_0.jpg,91
902,Nidalee,0,skins\Nidalee_1.jpg,91
903,Nidalee,0,skins\Nidalee_11.jpg,91
904,Nidalee,0,skins\Nidalee_18.jpg,91
905,Nidalee,0,skins\Nidalee_2.jpg,91
906,Nidalee,0,skins\Nidalee_27.jpg,91
907,Nidalee,0,skins\Nidalee_29.jpg,91
908,Nidalee,0,skins\Nidalee_3.jpg,91
909,Nidalee,0,skins\Nidalee_39.jpg,91
910,Nidalee,0,skins\Nidalee_4.jpg,91
911,Nidalee,0,skins\Nidalee_48.jpg,91
912,Nidalee,0,skins\Nidalee_5.jpg,91
913,Nidalee,0,skins\Nidalee_6.jpg,91
914,Nidalee,0,skins\Nidalee_7.jpg,91
915,Nidalee,0,skins\Nidalee_8.jpg,91
916,Nidalee,0,skins\Nidalee_9.jpg,91
917,Nilah,0,skins\Nilah_0.jpg,92
918,Nilah,0,skins\Nilah_1.jpg,92
919,Nilah,0,skins\Nilah_11.jpg,92
920,Nocturne,0,skins\Nocturne_0.jpg,93
921,Nocturne,0,skins\Nocturne_1.jpg,93
922,Nocturne,0,skins\Nocturne_16.jpg,93
923,Nocturne,0,skins\Nocturne_17.jpg,93
924,Nocturne,0,skins\Nocturne_2.jpg,93
925,Nocturne,0,skins\Nocturne_26.jpg,93
926,Nocturne,0,skins\Nocturne_3.jpg,93
927,Nocturne,0,skins\Nocturne_4.jpg,93
928,Nocturne,0,skins\Nocturne_5.jpg,93
929,Nocturne,0,skins\Nocturne_6.jpg,93
930,Nocturne,0,skins\Nocturne_7.jpg,93
931,Olaf,0,skins\Olaf_0.jpg,95
932,Olaf,0,skins\Olaf_1.jpg,95
933,Olaf,0,skins\Olaf_15.jpg,95
934,Olaf,0,skins\Olaf_16.jpg,95
935,Olaf,0,skins\Olaf_2.jpg,95
936,Olaf,0,skins\Olaf_25.jpg,95
937,Olaf,0,skins\Olaf_3.jpg,95
938,Olaf,0,skins\Olaf_35.jpg,95
939,Olaf,0,skins\Olaf_4.jpg,95
940,Olaf,0,skins\Olaf_44.jpg,95
941,Olaf,0,skins\Olaf_5.jpg,95
942,Olaf,0,skins\Olaf_6.jpg,95
943,Orianna,0,skins\Orianna_0.jpg,96
944,Orianna,0,skins\Orianna_1.jpg,96
945,Orianna,0,skins\Orianna_11.jpg,96
946,Orianna,0,skins\Orianna_2.jpg,96
947,Orianna,0,skins\Orianna_20.jpg,96
948,Orianna,0,skins\Orianna_29.jpg,96
949,Orianna,0,skins\Orianna_3.jpg,96
950,Orianna,0,skins\Orianna_38.jpg,96
951,Orianna,0,skins\Orianna_4.jpg,96
952,Orianna,0,skins\Orianna_5.jpg,96
953,Orianna,0,skins\Orianna_6.jpg,96
954,Orianna,0,skins\Orianna_7.jpg,96
955,Orianna,0,skins\Orianna_8.jpg,96
956,Ornn,0,skins\Ornn_0.jpg,97
957,Ornn,0,skins\Ornn_1.jpg,97
958,Ornn,0,skins\Ornn_11.jpg,97
959,Ornn,0,skins\Ornn_2.jpg,97
960,Ornn,0,skins\Ornn_20.jpg,97
961,Pantheon,0,skins\Pantheon_0.jpg,98
962,Pantheon,0,skins\Pantheon_1.jpg,98
963,Pantheon,0,skins\Pantheon_16.jpg,98
964,Pantheon,0,skins\Pantheon_2.jpg,98
965,Pantheon,0,skins\Pantheon_25.jpg,98
966,Pantheon,0,skins\Pantheon_26.jpg,98
967,Pantheon,0,skins\Pantheon_3.jpg,98
968,Pantheon,0,skins\Pantheon_36.jpg,98
969,Pantheon,0,skins\Pantheon_38.jpg,98
970,Pantheon,0,skins\Pantheon_4.jpg,98
971,Pantheon,0,skins\Pantheon_5.jpg,98
972,Pantheon,0,skins\Pantheon_6.jpg,98
973,Pantheon,0,skins\Pantheon_7.jpg,98
974,Pantheon,0,skins\Pantheon_8.jpg,98
975,Poppy,0,skins\Poppy_0.jpg,99
976,Poppy,0,skins\Poppy_1.jpg,99
977,Poppy,0,skins\Poppy_14.jpg,99
978,Poppy,0,skins\Poppy_15.jpg,99
979,Poppy,0,skins\Poppy_16.jpg,99
980,Poppy,0,skins\Poppy_2.jpg,99
981,Poppy,0,skins\Poppy_24.jpg,99
982,Poppy,0,skins\Poppy_3.jpg,99
983,Poppy,0,skins\Poppy_33.jpg,99
984,Poppy,0,skins\Poppy_4.jpg,99
985,Poppy,0,skins\Poppy_5.jpg,99
986,Poppy,0,skins\Poppy_6.jpg,99
987,Poppy,0,skins\Poppy_7.jpg,99
988,Pyke,0,skins\Pyke_0.jpg,100
989,Pyke,0,skins\Pyke_1.jpg,100
990,Pyke,0,skins\Pyke_16.jpg,100
991,Pyke,0,skins\Pyke_25.jpg,100
992,Pyke,0,skins\Pyke_34.jpg,100
993,Pyke,0,skins\Pyke_44.jpg,100
994,Pyke,0,skins\Pyke_45.jpg,100
995,Pyke,0,skins\Pyke_53.jpg,100
996,Pyke,0,skins\Pyke_54.jpg,100
997,Pyke,0,skins\Pyke_64.jpg,100
998,Pyke,0,skins\Pyke_9.jpg,100
999,Qiyana,0,skins\Qiyana_0.jpg,101
1000,Qiyana,0,skins\Qiyana_1.jpg,101
1001,Qiyana,0,skins\Qiyana_10.jpg,101
1002,Qiyana,0,skins\Qiyana_11.jpg,101
1003,Qiyana,0,skins\Qiyana_2.jpg,101
1004,Qiyana,0,skins\Qiyana_20.jpg,101
1005,Qiyana,0,skins\Qiyana_21.jpg,101
1006,Qiyana,0,skins\Qiyana_30.jpg,101
1007,Qiyana,0,skins\Qiyana_40.jpg,101
1008,Quinn,0,skins\Quinn_0.jpg,102
1009,Quinn,0,skins\Quinn_1.jpg,102
1010,Quinn,0,skins\Quinn_14.jpg,102
1011,Quinn,0,skins\Quinn_2.jpg,102
1012,Quinn,0,skins\Quinn_3.jpg,102
1013,Quinn,0,skins\Quinn_4.jpg,102
1014,Quinn,0,skins\Quinn_5.jpg,102
1015,Rakan,0,skins\Rakan_0.jpg,103
1016,Rakan,0,skins\Rakan_1.jpg,103
1017,Rakan,0,skins\Rakan_18.jpg,103
1018,Rakan,0,skins\Rakan_2.jpg,103
1019,Rakan,0,skins\Rakan_27.jpg,103
1020,Rakan,0,skins\Rakan_3.jpg,103
1021,Rakan,0,skins\Rakan_36.jpg,103
1022,Rakan,0,skins\Rakan_37.jpg,103
1023,Rakan,0,skins\Rakan_38.jpg,103
1024,Rakan,0,skins\Rakan_4.jpg,103
1025,Rakan,0,skins\Rakan_5.jpg,103
1026,Rakan,0,skins\Rakan_9.jpg,103
1027,Rammus,0,skins\Rammus_0.jpg,104
1028,Rammus,0,skins\Rammus_1.jpg,104
1029,Rammus,0,skins\Rammus_16.jpg,104
1030,Rammus,0,skins\Rammus_17.jpg,104
1031,Rammus,0,skins\Rammus_2.jpg,104
1032,Rammus,0,skins\Rammus_26.jpg,104
1033,Rammus,0,skins\Rammus_3.jpg,104
1034,Rammus,0,skins\Rammus_4.jpg,104
1035,Rammus,0,skins\Rammus_5.jpg,104
1036,Rammus,0,skins\Rammus_6.jpg,104
1037,Rammus,0,skins\Rammus_7.jpg,104
1038,Rammus,0,skins\Rammus_8.jpg,104
1039,Rell,0,skins\Rell_0.jpg,106
1040,Rell,0,skins\Rell_1.jpg,106
1041,Rell,0,skins\Rell_10.jpg,106
1042,Rell,0,skins\Rell_20.jpg,106
1043,Renekton,0,skins\Renekton_0.jpg,108
1044,Renekton,0,skins\Renekton_1.jpg,108
1045,Renekton,0,skins\Renekton_17.jpg,108
1046,Renekton,0,skins\Renekton_18.jpg,108
1047,Renekton,0,skins\Renekton_2.jpg,108
1048,Renekton,0,skins\Renekton_26.jpg,108
1049,Renekton,0,skins\Renekton_3.jpg,108
1050,Renekton,0,skins\Renekton_33.jpg,108
1051,Renekton,0,skins\Renekton_4.jpg,108
1052,Renekton,0,skins\Renekton_42.jpg,108
1053,Renekton,0,skins\Renekton_5.jpg,108
1054,Renekton,0,skins\Renekton_6.jpg,108
1055,Renekton,0,skins\Renekton_7.jpg,108
1056,Renekton,0,skins\Renekton_8.jpg,108
1057,Renekton,0,skins\Renekton_9.jpg,108
1058,Rengar,0,skins\Rengar_0.jpg,109
1059,Rengar,0,skins\Rengar_1.jpg,109
1060,Rengar,0,skins\Rengar_15.jpg,109
1061,Rengar,0,skins\Rengar_2.jpg,109
1062,Rengar,0,skins\Rengar_23.jpg,109
1063,Rengar,0,skins\Rengar_3.jpg,109
1064,Rengar,0,skins\Rengar_30.jpg,109
1065,Rengar,0,skins\Rengar_40.jpg,109
1066,Rengar,0,skins\Rengar_8.jpg,109
1067,Riven,0,skins\Riven_0.jpg,110
1068,Riven,0,skins\Riven_1.jpg,110
1069,Riven,0,skins\Riven_16.jpg,110
1070,Riven,0,skins\Riven_18.jpg,110
1071,Riven,0,skins\Riven_2.jpg,110
1072,Riven,0,skins\Riven_20.jpg,110
1073,Riven,0,skins\Riven_22.jpg,110
1074,Riven,0,skins\Riven_23.jpg,110
1075,Riven,0,skins\Riven_3.jpg,110
1076,Riven,0,skins\Riven_34.jpg,110
1077,Riven,0,skins\Riven_4.jpg,110
1078,Riven,0,skins\Riven_44.jpg,110
1079,Riven,0,skins\Riven_45.jpg,110
1080,Riven,0,skins\Riven_5.jpg,110
1081,Riven,0,skins\Riven_55.jpg,110
1082,Riven,0,skins\Riven_6.jpg,110
1083,Riven,0,skins\Riven_63.jpg,110
1084,Riven,0,skins\Riven_7.jpg,110
1085,Rumble,0,skins\Rumble_0.jpg,111
1086,Rumble,0,skins\Rumble_1.jpg,111
1087,Rumble,0,skins\Rumble_13.jpg,111
1088,Rumble,0,skins\Rumble_2.jpg,111
1089,Rumble,0,skins\Rumble_23.jpg,111
1090,Rumble,0,skins\Rumble_3.jpg,111
1091,Rumble,0,skins\Rumble_4.jpg,111
1092,Ryze,0,skins\Ryze_0.jpg,112
1093,Ryze,0,skins\Ryze_1.jpg,112
1094,Ryze,0,skins\Ryze_10.jpg,112
1095,Ryze,0,skins\Ryze_11.jpg,112
1096,Ryze,0,skins\Ryze_13.jpg,112
1097,Ryze,0,skins\Ryze_2.jpg,112
1098,Ryze,0,skins\Ryze_20.jpg,112
1099,Ryze,0,skins\Ryze_3.jpg,112
1100,Ryze,0,skins\Ryze_4.jpg,112
1101,Ryze,0,skins\Ryze_5.jpg,112
1102,Ryze,0,skins\Ryze_6.jpg,112
1103,Ryze,0,skins\Ryze_7.jpg,112
1104,Ryze,0,skins\Ryze_8.jpg,112
1105,Ryze,0,skins\Ryze_9.jpg,112
1106,Samira,0,skins\Samira_0.jpg,113
1107,Samira,0,skins\Samira_1.jpg,113
1108,Samira,0,skins\Samira_10.jpg,113
1109,Samira,0,skins\Samira_20.jpg,113
1110,Samira,0,skins\Samira_30.jpg,113
1111,Sejuani,0,skins\Sejuani_0.jpg,114
1112,Sejuani,0,skins\Sejuani_1.jpg,114
1113,Sejuani,0,skins\Sejuani_15.jpg,114
1114,Sejuani,0,skins\Sejuani_16.jpg,114
1115,Sejuani,0,skins\Sejuani_2.jpg,114
1116,Sejuani,0,skins\Sejuani_26.jpg,114
1117,Sejuani,0,skins\Sejuani_3.jpg,114
1118,Sejuani,0,skins\Sejuani_36.jpg,114
1119,Sejuani,0,skins\Sejuani_4.jpg,114
1120,Sejuani,0,skins\Sejuani_5.jpg,114
1121,Sejuani,0,skins\Sejuani_6.jpg,114
1122,Sejuani,0,skins\Sejuani_7.jpg,114
1123,Sejuani,0,skins\Sejuani_8.jpg,114
1124,Senna,0,skins\Senna_0.jpg,115
1125,Senna,0,skins\Senna_1.jpg,115
1126,Senna,0,skins\Senna_10.jpg,115
1127,Senna,0,skins\Senna_16.jpg,115
1128,Senna,0,skins\Senna_26.jpg,115
1129,Senna,0,skins\Senna_27.jpg,115
1130,Senna,0,skins\Senna_36.jpg,115
1131,Senna,0,skins\Senna_46.jpg,115
1132,Senna,0,skins\Senna_56.jpg,115
1133,Senna,0,skins\Senna_9.jpg,115
1134,Seraphine,0,skins\Seraphine_0.jpg,116
1135,Seraphine,0,skins\Seraphine_1.jpg,116
1136,Seraphine,0,skins\Seraphine_14.jpg,116
1137,Seraphine,0,skins\Seraphine_15.jpg,116
1138,Seraphine,0,skins\Seraphine_2.jpg,116
1139,Seraphine,0,skins\Seraphine_24.jpg,116
1140,Seraphine,0,skins\Seraphine_3.jpg,116
1141,Seraphine,0,skins\Seraphine_34.jpg,116
1142,Seraphine,0,skins\Seraphine_4.jpg,116
1143,Seraphine,0,skins\Seraphine_43.jpg,116
1144,Sett,0,skins\Sett_0.jpg,117
1145,Sett,0,skins\Sett_1.jpg,117
1146,Sett,0,skins\Sett_10.jpg,117
1147,Sett,0,skins\Sett_19.jpg,117
1148,Sett,0,skins\Sett_38.jpg,117
1149,Sett,0,skins\Sett_45.jpg,117
1150,Sett,0,skins\Sett_56.jpg,117
1151,Sett,0,skins\Sett_8.jpg,117
1152,Sett,0,skins\Sett_9.jpg,117
1153,Shaco,0,skins\Shaco_0.jpg,118
1154,Shaco,0,skins\Shaco_1.jpg,118
1155,Shaco,0,skins\Shaco_15.jpg,118
1156,Shaco,0,skins\Shaco_2.jpg,118
1157,Shaco,0,skins\Shaco_23.jpg,118
1158,Shaco,0,skins\Shaco_3.jpg,118
1159,Shaco,0,skins\Shaco_33.jpg,118
1160,Shaco,0,skins\Shaco_4.jpg,118
1161,Shaco,0,skins\Shaco_43.jpg,118
1162,Shaco,0,skins\Shaco_44.jpg,118
1163,Shaco,0,skins\Shaco_5.jpg,118
1164,Shaco,0,skins\Shaco_54.jpg,118
1165,Shaco,0,skins\Shaco_6.jpg,118
1166,Shaco,0,skins\Shaco_7.jpg,118
1167,Shaco,0,skins\Shaco_8.jpg,118
1168,Shen,0,skins\Shen_0.jpg,119
1169,Shen,0,skins\Shen_1.jpg,119
1170,Shen,0,skins\Shen_15.jpg,119
1171,Shen,0,skins\Shen_16.jpg,119
1172,Shen,0,skins\Shen_2.jpg,119
1173,Shen,0,skins\Shen_22.jpg,119
1174,Shen,0,skins\Shen_3.jpg,119
1175,Shen,0,skins\Shen_4.jpg,119
1176,Shen,0,skins\Shen_40.jpg,119
1177,Shen,0,skins\Shen_49.jpg,119
1178,Shen,0,skins\Shen_5.jpg,119
1179,Shen,0,skins\Shen_6.jpg,119
1180,Shyvana,0,skins\Shyvana_0.jpg,120
1181,Shyvana,0,skins\Shyvana_1.jpg,120
1182,Shyvana,0,skins\Shyvana_17.jpg,120
1183,Shyvana,0,skins\Shyvana_2.jpg,120
1184,Shyvana,0,skins\Shyvana_3.jpg,120
1185,Shyvana,0,skins\Shyvana_4.jpg,120
1186,Shyvana,0,skins\Shyvana_5.jpg,120
1187,Shyvana,0,skins\Shyvana_6.jpg,120
1188,Shyvana,0,skins\Shyvana_8.jpg,120
1189,Singed,0,skins\Singed_0.jpg,121
1190,Singed,0,skins\Singed_1.jpg,121
1191,Singed,0,skins\Singed_10.jpg,121
1192,Singed,0,skins\Singed_19.jpg,121
1193,Singed,0,skins\Singed_2.jpg,121
1194,Singed,0,skins\Singed_28.jpg,121
1195,Singed,0,skins\Singed_3.jpg,121
1196,Singed,0,skins\Singed_4.jpg,121
1197,Singed,0,skins\Singed_5.jpg,121
1198,Singed,0,skins\Singed_6.jpg,121
1199,Singed,0,skins\Singed_7.jpg,121
1200,Singed,0,skins\Singed_8.jpg,121
1201,Singed,0,skins\Singed_9.jpg,121
1202,Sion,0,skins\Sion_0.jpg,122
1203,Sion,0,skins\Sion_1.jpg,122
1204,Sion,0,skins\Sion_14.jpg,122
1205,Sion,0,skins\Sion_2.jpg,122
1206,Sion,0,skins\Sion_22.jpg,122
1207,Sion,0,skins\Sion_3.jpg,122
1208,Sion,0,skins\Sion_30.jpg,122
1209,Sion,0,skins\Sion_4.jpg,122
1210,Sion,0,skins\Sion_40.jpg,122
1211,Sion,0,skins\Sion_5.jpg,122
1212,Sivir,0,skins\Sivir_0.jpg,123
1213,Sivir,0,skins\Sivir_1.jpg,123
1214,Sivir,0,skins\Sivir_10.jpg,123
1215,Sivir,0,skins\Sivir_16.jpg,123
1216,Sivir,0,skins\Sivir_2.jpg,123
1217,Sivir,0,skins\Sivir_25.jpg,123
1218,Sivir,0,skins\Sivir_3.jpg,123
1219,Sivir,0,skins\Sivir_34.jpg,123
1220,Sivir,0,skins\Sivir_4.jpg,123
1221,Sivir,0,skins\Sivir_43.jpg,123
1222,Sivir,0,skins\Sivir_5.jpg,123
1223,Sivir,0,skins\Sivir_50.jpg,123
1224,Sivir,0,skins\Sivir_51.jpg,123
1225,Sivir,0,skins\Sivir_6.jpg,123
1226,Sivir,0,skins\Sivir_61.jpg,123
1227,Sivir,0,skins\Sivir_7.jpg,123
1228,Sivir,0,skins\Sivir_70.jpg,123
1229,Sivir,0,skins\Sivir_8.jpg,123
1230,Sivir,0,skins\Sivir_9.jpg,123
1231,Skarner,0,skins\Skarner_0.jpg,124
1232,Skarner,0,skins\Skarner_1.jpg,124
1233,Skarner,0,skins\Skarner_2.jpg,124
1234,Skarner,0,skins\Skarner_3.jpg,124
1235,Skarner,0,skins\Skarner_4.jpg,124
1236,Skarner,0,skins\Skarner_5.jpg,124
1237,Smolder,0,skins\Smolder_0.jpg,125
1238,Smolder,0,skins\Smolder_1.jpg,125
1239,Sona,0,skins\Sona_0.jpg,126
1240,Sona,0,skins\Sona_1.jpg,126
1241,Sona,0,skins\Sona_17.jpg,126
1242,Sona,0,skins\Sona_2.jpg,126
1243,Sona,0,skins\Sona_26.jpg,126
1244,Sona,0,skins\Sona_3.jpg,126
1245,Sona,0,skins\Sona_35.jpg,126
1246,Sona,0,skins\Sona_4.jpg,126
1247,Sona,0,skins\Sona_45.jpg,126
1248,Sona,0,skins\Sona_46.jpg,126
1249,Sona,0,skins\Sona_5.jpg,126
1250,Sona,0,skins\Sona_56.jpg,126
1251,Sona,0,skins\Sona_6.jpg,126
1252,Sona,0,skins\Sona_7.jpg,126
1253,Sona,0,skins\Sona_9.jpg,126
1254,Soraka,0,skins\Soraka_0.jpg,127
1255,Soraka,0,skins\Soraka_1.jpg,127
1256,Soraka,0,skins\Soraka_15.jpg,127
1257,Soraka,0,skins\Soraka_16.jpg,127
1258,Soraka,0,skins\Soraka_17.jpg,127
1259,Soraka,0,skins\Soraka_18.jpg,127
1260,Soraka,0,skins\Soraka_2.jpg,127
1261,Soraka,0,skins\Soraka_27.jpg,127
1262,Soraka,0,skins\Soraka_3.jpg,127
1263,Soraka,0,skins\Soraka_37.jpg,127
1264,Soraka,0,skins\Soraka_4.jpg,127
1265,Soraka,0,skins\Soraka_44.jpg,127
1266,Soraka,0,skins\Soraka_5.jpg,127
1267,Soraka,0,skins\Soraka_6.jpg,127
1268,Soraka,0,skins\Soraka_7.jpg,127
1269,Soraka,0,skins\Soraka_8.jpg,127
1270,Soraka,0,skins\Soraka_9.jpg,127
1271,Swain,0,skins\Swain_0.jpg,128
1272,Swain,0,skins\Swain_1.jpg,128
1273,Swain,0,skins\Swain_11.jpg,128
1274,Swain,0,skins\Swain_12.jpg,128
1275,Swain,0,skins\Swain_2.jpg,128
1276,Swain,0,skins\Swain_21.jpg,128
1277,Swain,0,skins\Swain_3.jpg,128
1278,Swain,0,skins\Swain_32.jpg,128
1279,Swain,0,skins\Swain_33.jpg,128
1280,Swain,0,skins\Swain_4.jpg,128
1281,Sylas,0,skins\Sylas_0.jpg,129
1282,Sylas,0,skins\Sylas_1.jpg,129
1283,Sylas,0,skins\Sylas_13.jpg,129
1284,Sylas,0,skins\Sylas_14.jpg,129
1285,Sylas,0,skins\Sylas_24.jpg,129
1286,Sylas,0,skins\Sylas_34.jpg,129
1287,Sylas,0,skins\Sylas_36.jpg,129
1288,Sylas,0,skins\Sylas_46.jpg,129
1289,Sylas,0,skins\Sylas_8.jpg,129
1290,Syndra,0,skins\Syndra_0.jpg,130
1291,Syndra,0,skins\Syndra_1.jpg,130
1292,Syndra,0,skins\Syndra_16.jpg,130
1293,Syndra,0,skins\Syndra_2.jpg,130
1294,Syndra,0,skins\Syndra_25.jpg,130
1295,Syndra,0,skins\Syndra_3.jpg,130
1296,Syndra,0,skins\Syndra_34.jpg,130
1297,Syndra,0,skins\Syndra_4.jpg,130
1298,Syndra,0,skins\Syndra_44.jpg,130
1299,Syndra,0,skins\Syndra_5.jpg,130
1300,Syndra,0,skins\Syndra_54.jpg,130
1301,Syndra,0,skins\Syndra_6.jpg,130
1302,Syndra,0,skins\Syndra_7.jpg,130
1303,Taliyah,0,skins\Taliyah_0.jpg,132
1304,Taliyah,0,skins\Taliyah_1.jpg,132
1305,Taliyah,0,skins\Taliyah_11.jpg,132
1306,Taliyah,0,skins\Taliyah_2.jpg,132
1307,Taliyah,0,skins\Taliyah_21.jpg,132
1308,Taliyah,0,skins\Taliyah_3.jpg,132
1309,Talon,0,skins\Talon_0.jpg,133
1310,Talon,0,skins\Talon_1.jpg,133
1311,Talon,0,skins\Talon_12.jpg,133
1312,Talon,0,skins\Talon_2.jpg,133
1313,Talon,0,skins\Talon_20.jpg,133
1314,Talon,0,skins\Talon_29.jpg,133
1315,Talon,0,skins\Talon_3.jpg,133
1316,Talon,0,skins\Talon_38.jpg,133
1317,Talon,0,skins\Talon_39.jpg,133
1318,Talon,0,skins\Talon_4.jpg,133
1319,Talon,0,skins\Talon_49.jpg,133
1320,Talon,0,skins\Talon_5.jpg,133
1321,Taric,0,skins\Taric_0.jpg,134
1322,Taric,0,skins\Taric_1.jpg,134
1323,Taric,0,skins\Taric_18.jpg,134
1324,Taric,0,skins\Taric_2.jpg,134
1325,Taric,0,skins\Taric_3.jpg,134
1326,Taric,0,skins\Taric_4.jpg,134
1327,Taric,0,skins\Taric_9.jpg,134
1328,Teemo,0,skins\Teemo_0.jpg,135
1329,Teemo,0,skins\Teemo_1.jpg,135
1330,Teemo,0,skins\Teemo_14.jpg,135
1331,Teemo,0,skins\Teemo_18.jpg,135
1332,Teemo,0,skins\Teemo_2.jpg,135
1333,Teemo,0,skins\Teemo_25.jpg,135
1334,Teemo,0,skins\Teemo_27.jpg,135
1335,Teemo,0,skins\Teemo_3.jpg,135
1336,Teemo,0,skins\Teemo_37.jpg,135
1337,Teemo,0,skins\Teemo_4.jpg,135
1338,Teemo,0,skins\Teemo_47.jpg,135
1339,Teemo,0,skins\Teemo_5.jpg,135
1340,Teemo,0,skins\Teemo_6.jpg,135
1341,Teemo,0,skins\Teemo_7.jpg,135
1342,Teemo,0,skins\Teemo_8.jpg,135
1343,Thresh,0,skins\Thresh_0.jpg,136
1344,Thresh,0,skins\Thresh_1.jpg,136
1345,Thresh,0,skins\Thresh_13.jpg,136
1346,Thresh,0,skins\Thresh_14.jpg,136
1347,Thresh,0,skins\Thresh_15.jpg,136
1348,Thresh,0,skins\Thresh_17.jpg,136
1349,Thresh,0,skins\Thresh_2.jpg,136
1350,Thresh,0,skins\Thresh_27.jpg,136
1351,Thresh,0,skins\Thresh_28.jpg,136
1352,Thresh,0,skins\Thresh_3.jpg,136
1353,Thresh,0,skins\Thresh_38.jpg,136
1354,Thresh,0,skins\Thresh_39.jpg,136
1355,Thresh,0,skins\Thresh_4.jpg,136
1356,Thresh,0,skins\Thresh_49.jpg,136
1357,Thresh,0,skins\Thresh_5.jpg,136
1358,Thresh,0,skins\Thresh_59.jpg,136
1359,Thresh,0,skins\Thresh_6.jpg,136
1360,Tristana,0,skins\Tristana_0.jpg,137
1361,Tristana,0,skins\Tristana_1.jpg,137
1362,Tristana,0,skins\Tristana_10.jpg,137
1363,Tristana,0,skins\Tristana_11.jpg,137
1364,Tristana,0,skins\Tristana_12.jpg,137
1365,Tristana,0,skins\Tristana_2.jpg,137
1366,Tristana,0,skins\Tristana_24.jpg,137
1367,Tristana,0,skins\Tristana_3.jpg,137
1368,Tristana,0,skins\Tristana_33.jpg,137
1369,Tristana,0,skins\Tristana_4.jpg,137
1370,Tristana,0,skins\Tristana_40.jpg,137
1371,Tristana,0,skins\Tristana_41.jpg,137
1372,Tristana,0,skins\Tristana_5.jpg,137
1373,Tristana,0,skins\Tristana_51.jpg,137
1374,Tristana,0,skins\Tristana_6.jpg,137
1375,Tristana,0,skins\Tristana_61.jpg,137
1376,Trundle,0,skins\Trundle_0.jpg,138
1377,Trundle,0,skins\Trundle_1.jpg,138
1378,Trundle,0,skins\Trundle_12.jpg,138
1379,Trundle,0,skins\Trundle_2.jpg,138
1380,Trundle,0,skins\Trundle_21.jpg,138
1381,Trundle,0,skins\Trundle_3.jpg,138
1382,Trundle,0,skins\Trundle_4.jpg,138
1383,Trundle,0,skins\Trundle_5.jpg,138
1384,Trundle,0,skins\Trundle_6.jpg,138
1385,Tryndamere,0,skins\Tryndamere_0.jpg,139
1386,Tryndamere,0,skins\Tryndamere_1.jpg,139
1387,Tryndamere,0,skins\Tryndamere_10.jpg,139
1388,Tryndamere,0,skins\Tryndamere_18.jpg,139
1389,Tryndamere,0,skins\Tryndamere_2.jpg,139
1390,Tryndamere,0,skins\Tryndamere_27.jpg,139
1391,Tryndamere,0,skins\Tryndamere_3.jpg,139
1392,Tryndamere,0,skins\Tryndamere_4.jpg,139
1393,Tryndamere,0,skins\Tryndamere_5.jpg,139
1394,Tryndamere,0,skins\Tryndamere_6.jpg,139
1395,Tryndamere,0,skins\Tryndamere_7.jpg,139
1396,Tryndamere,0,skins\Tryndamere_8.jpg,139
1397,Tryndamere,0,skins\Tryndamere_9.jpg,139
1398,Twitch,0,skins\Twitch_0.jpg,141
1399,Twitch,0,skins\Twitch_1.jpg,141
1400,Twitch,0,skins\Twitch_12.jpg,141
1401,Twitch,0,skins\Twitch_2.jpg,141
1402,Twitch,0,skins\Twitch_27.jpg,141
1403,Twitch,0,skins\Twitch_3.jpg,141
1404,Twitch,0,skins\Twitch_36.jpg,141
1405,Twitch,0,skins\Twitch_4.jpg,141
1406,Twitch,0,skins\Twitch_45.jpg,141
1407,Twitch,0,skins\Twitch_5.jpg,141
1408,Twitch,0,skins\Twitch_55.jpg,141
1409,Twitch,0,skins\Twitch_6.jpg,141
1410,Twitch,0,skins\Twitch_7.jpg,141
1411,Twitch,0,skins\Twitch_8.jpg,141
1412,Udyr,0,skins\Udyr_0.jpg,142
1413,Udyr,0,skins\Udyr_1.jpg,142
1414,Udyr,0,skins\Udyr_2.jpg,142
1415,Udyr,0,skins\Udyr_3.jpg,142
1416,Udyr,0,skins\Udyr_4.jpg,142
1417,Udyr,0,skins\Udyr_5.jpg,142
1418,Udyr,0,skins\Udyr_6.jpg,142
1419,Urgot,0,skins\Urgot_0.jpg,143
1420,Urgot,0,skins\Urgot_1.jpg,143
1421,Urgot,0,skins\Urgot_15.jpg,143
1422,Urgot,0,skins\Urgot_2.jpg,143
1423,Urgot,0,skins\Urgot_23.jpg,143
1424,Urgot,0,skins\Urgot_3.jpg,143
1425,Urgot,0,skins\Urgot_9.jpg,143
1426,Varus,0,skins\Varus_0.jpg,144
1427,Varus,0,skins\Varus_1.jpg,144
1428,Varus,0,skins\Varus_16.jpg,144
1429,Varus,0,skins\Varus_17.jpg,144
1430,Varus,0,skins\Varus_2.jpg,144
1431,Varus,0,skins\Varus_3.jpg,144
1432,Varus,0,skins\Varus_34.jpg,144
1433,Varus,0,skins\Varus_4.jpg,144
1434,Varus,0,skins\Varus_44.jpg,144
1435,Varus,0,skins\Varus_5.jpg,144
1436,Varus,0,skins\Varus_53.jpg,144
1437,Varus,0,skins\Varus_6.jpg,144
1438,Varus,0,skins\Varus_7.jpg,144
1439,Varus,0,skins\Varus_9.jpg,144
1440,Vayne,0,skins\Vayne_0.jpg,145
1441,Vayne,0,skins\Vayne_1.jpg,145
1442,Vayne,0,skins\Vayne_10.jpg,145
1443,Vayne,0,skins\Vayne_11.jpg,145
1444,Vayne,0,skins\Vayne_12.jpg,145
1445,Vayne,0,skins\Vayne_13.jpg,145
1446,Vayne,0,skins\Vayne_14.jpg,145
1447,Vayne,0,skins\Vayne_15.jpg,145
1448,Vayne,0,skins\Vayne_2.jpg,145
1449,Vayne,0,skins\Vayne_25.jpg,145
1450,Vayne,0,skins\Vayne_3.jpg,145
1451,Vayne,0,skins\Vayne_32.jpg,145
1452,Vayne,0,skins\Vayne_33.jpg,145
1453,Vayne,0,skins\Vayne_4.jpg,145
1454,Vayne,0,skins\Vayne_44.jpg,145
1455,Vayne,0,skins\Vayne_5.jpg,145
1456,Vayne,0,skins\Vayne_55.jpg,145
1457,Vayne,0,skins\Vayne_6.jpg,145
1458,Veigar,0,skins\Veigar_0.jpg,146
1459,Veigar,0,skins\Veigar_1.jpg,146
1460,Veigar,0,skins\Veigar_13.jpg,146
1461,Veigar,0,skins\Veigar_2.jpg,146
1462,Veigar,0,skins\Veigar_23.jpg,146
1463,Veigar,0,skins\Veigar_3.jpg,146
1464,Veigar,0,skins\Veigar_32.jpg,146
1465,Veigar,0,skins\Veigar_4.jpg,146
1466,Veigar,0,skins\Veigar_41.jpg,146
1467,Veigar,0,skins\Veigar_5.jpg,146
1468,Veigar,0,skins\Veigar_51.jpg,146
1469,Veigar,0,skins\Veigar_6.jpg,146
1470,Veigar,0,skins\Veigar_60.jpg,146
1471,Veigar,0,skins\Veigar_7.jpg,146
1472,Veigar,0,skins\Veigar_8.jpg,146
1473,Veigar,0,skins\Veigar_9.jpg,146
1474,Vex,0,skins\Vex_0.jpg,148
1475,Vex,0,skins\Vex_1.jpg,148
1476,Vex,0,skins\Vex_10.jpg,148
1477,Viego,0,skins\Viego_0.jpg,150
1478,Viego,0,skins\Viego_1.jpg,150
1479,Viego,0,skins\Viego_10.jpg,150
1480,Viego,0,skins\Viego_19.jpg,150
1481,Viego,0,skins\Viego_21.jpg,150
1482,Viego,0,skins\Viego_30.jpg,150
1483,Viego,0,skins\Viego_37.jpg,150
1484,Viktor,0,skins\Viktor_0.jpg,151
1485,Viktor,0,skins\Viktor_1.jpg,151
1486,Viktor,0,skins\Viktor_14.jpg,151
1487,Viktor,0,skins\Viktor_2.jpg,151
1488,Viktor,0,skins\Viktor_3.jpg,151
1489,Viktor,0,skins\Viktor_4.jpg,151
1490,Viktor,0,skins\Viktor_5.jpg,151
1491,Vi,0,skins\Vi_0.jpg,149
1492,Vi,0,skins\Vi_1.jpg,149
1493,Vi,0,skins\Vi_11.jpg,149
1494,Vi,0,skins\Vi_12.jpg,149
1495,Vi,0,skins\Vi_2.jpg,149
1496,Vi,0,skins\Vi_20.jpg,149
1497,Vi,0,skins\Vi_29.jpg,149
1498,Vi,0,skins\Vi_3.jpg,149
1499,Vi,0,skins\Vi_30.jpg,149
1500,Vi,0,skins\Vi_39.jpg,149
1501,Vi,0,skins\Vi_4.jpg,149
1502,Vi,0,skins\Vi_48.jpg,149
1503,Vi,0,skins\Vi_5.jpg,149
1504,Vladimir,0,skins\Vladimir_0.jpg,152
1505,Vladimir,0,skins\Vladimir_1.jpg,152
1506,Vladimir,0,skins\Vladimir_14.jpg,152
1507,Vladimir,0,skins\Vladimir_2.jpg,152
1508,Vladimir,0,skins\Vladimir_21.jpg,152
1509,Vladimir,0,skins\Vladimir_3.jpg,152
1510,Vladimir,0,skins\Vladimir_30.jpg,152
1511,Vladimir,0,skins\Vladimir_39.jpg,152
1512,Vladimir,0,skins\Vladimir_4.jpg,152
1513,Vladimir,0,skins\Vladimir_5.jpg,152
1514,Vladimir,0,skins\Vladimir_6.jpg,152
1515,Vladimir,0,skins\Vladimir_7.jpg,152
1516,Vladimir,0,skins\Vladimir_8.jpg,152
1517,Volibear,0,skins\Volibear_0.jpg,153
1518,Volibear,0,skins\Volibear_1.jpg,153
1519,Volibear,0,skins\Volibear_19.jpg,153
1520,Volibear,0,skins\Volibear_2.jpg,153
1521,Volibear,0,skins\Volibear_3.jpg,153
1522,Volibear,0,skins\Volibear_4.jpg,153
1523,Volibear,0,skins\Volibear_5.jpg,153
1524,Volibear,0,skins\Volibear_6.jpg,153
1525,Volibear,0,skins\Volibear_7.jpg,153
1526,Volibear,0,skins\Volibear_9.jpg,153
1527,Warwick,0,skins\Warwick_0.jpg,154
1528,Warwick,0,skins\Warwick_1.jpg,154
1529,Warwick,0,skins\Warwick_10.jpg,154
1530,Warwick,0,skins\Warwick_16.jpg,154
1531,Warwick,0,skins\Warwick_2.jpg,154
1532,Warwick,0,skins\Warwick_3.jpg,154
1533,Warwick,0,skins\Warwick_35.jpg,154
1534,Warwick,0,skins\Warwick_4.jpg,154
1535,Warwick,0,skins\Warwick_45.jpg,154
1536,Warwick,0,skins\Warwick_46.jpg,154
1537,Warwick,0,skins\Warwick_5.jpg,154
1538,Warwick,0,skins\Warwick_6.jpg,154
1539,Warwick,0,skins\Warwick_7.jpg,154
1540,Warwick,0,skins\Warwick_8.jpg,154
1541,Warwick,0,skins\Warwick_9.jpg,154
1542,Xayah,0,skins\Xayah_0.jpg,156
1543,Xayah,0,skins\Xayah_1.jpg,156
1544,Xayah,0,skins\Xayah_17.jpg,156
1545,Xayah,0,skins\Xayah_2.jpg,156
1546,Xayah,0,skins\Xayah_26.jpg,156
1547,Xayah,0,skins\Xayah_28.jpg,156
1548,Xayah,0,skins\Xayah_3.jpg,156
1549,Xayah,0,skins\Xayah_37.jpg,156
1550,Xayah,0,skins\Xayah_38.jpg,156
1551,Xayah,0,skins\Xayah_4.jpg,156
1552,Xayah,0,skins\Xayah_47.jpg,156
1553,Xayah,0,skins\Xayah_8.jpg,156
1554,Xerath,0,skins\Xerath_0.jpg,157
1555,Xerath,0,skins\Xerath_1.jpg,157
1556,Xerath,0,skins\Xerath_12.jpg,157
1557,Xerath,0,skins\Xerath_2.jpg,157
1558,Xerath,0,skins\Xerath_21.jpg,157
1559,Xerath,0,skins\Xerath_3.jpg,157
1560,Xerath,0,skins\Xerath_30.jpg,157
1561,Xerath,0,skins\Xerath_4.jpg,157
1562,Xerath,0,skins\Xerath_5.jpg,157
1563,Yasuo,0,skins\Yasuo_0.jpg,159
1564,Yasuo,0,skins\Yasuo_1.jpg,159
1565,Yasuo,0,skins\Yasuo_10.jpg,159
1566,Yasuo,0,skins\Yasuo_17.jpg,159
1567,Yasuo,0,skins\Yasuo_18.jpg,159
1568,Yasuo,0,skins\Yasuo_2.jpg,159
1569,Yasuo,0,skins\Yasuo_3.jpg,159
1570,Yasuo,0,skins\Yasuo_35.jpg,159
1571,Yasuo,0,skins\Yasuo_36.jpg,159
1572,Yasuo,0,skins\Yasuo_45.jpg,159
1573,Yasuo,0,skins\Yasuo_54.jpg,159
1574,Yasuo,0,skins\Yasuo_55.jpg,159
1575,Yasuo,0,skins\Yasuo_56.jpg,159
1576,Yasuo,0,skins\Yasuo_57.jpg,159
1577,Yasuo,0,skins\Yasuo_68.jpg,159
1578,Yasuo,0,skins\Yasuo_77.jpg,159
1579,Yasuo,0,skins\Yasuo_87.jpg,159
1580,Yasuo,0,skins\Yasuo_9.jpg,159
1581,Yone,0,skins\Yone_0.jpg,160
1582,Yone,0,skins\Yone_1.jpg,160
1583,Yone,0,skins\Yone_10.jpg,160
1584,Yone,0,skins\Yone_19.jpg,160
1585,Yone,0,skins\Yone_26.jpg,160
1586,Yone,0,skins\Yone_35.jpg,160
1587,Yone,0,skins\Yone_45.jpg,160
1588,Yone,0,skins\Yone_46.jpg,160
1589,Yone,0,skins\Yone_55.jpg,160
1590,Yone,0,skins\Yone_58.jpg,160
1591,Yorick,0,skins\Yorick_0.jpg,161
1592,Yorick,0,skins\Yorick_1.jpg,161
1593,Yorick,0,skins\Yorick_12.jpg,161
1594,Yorick,0,skins\Yorick_2.jpg,161
1595,Yorick,0,skins\Yorick_21.jpg,161
1596,Yorick,0,skins\Yorick_3.jpg,161
1597,Yorick,0,skins\Yorick_30.jpg,161
1598,Yorick,0,skins\Yorick_4.jpg,161
1599,Yorick,0,skins\Yorick_40.jpg,161
1600,Yuumi,0,skins\Yuumi_0.jpg,162
1601,Yuumi,0,skins\Yuumi_1.jpg,162
1602,Yuumi,0,skins\Yuumi_11.jpg,162
1603,Yuumi,0,skins\Yuumi_19.jpg,162
1604,Yuumi,0,skins\Yuumi_28.jpg,162
1605,Yuumi,0,skins\Yuumi_37.jpg,162
1606,Yuumi,0,skins\Yuumi_39.jpg,162
1607,Yuumi,0,skins\Yuumi_49.jpg,162
1608,Yuumi,0,skins\Yuumi_50.jpg,162
1609,Zac,0,skins\Zac_0.jpg,163
1610,Zac,0,skins\Zac_1.jpg,163
1611,Zac,0,skins\Zac_14.jpg,163
1612,Zac,0,skins\Zac_2.jpg,163
1613,Zac,0,skins\Zac_24.jpg,163
1614,Zac,0,skins\Zac_6.jpg,163
1615,Zac,0,skins\Zac_7.jpg,163
1616,Zed,0,skins\Zed_0.jpg,164
1617,Zed,0,skins\Zed_1.jpg,164
1618,Zed,0,skins\Zed_10.jpg,164
1619,Zed,0,skins\Zed_11.jpg,164
1620,Zed,0,skins\Zed_13.jpg,164
1621,Zed,0,skins\Zed_15.jpg,164
1622,Zed,0,skins\Zed_2.jpg,164
1623,Zed,0,skins\Zed_3.jpg,164
1624,Zed,0,skins\Zed_30.jpg,164
1625,Zed,0,skins\Zed_31.jpg,164
1626,Zed,0,skins\Zed_38.jpg,164
1627,Zed,0,skins\Zed_49.jpg,164
1628,Zed,0,skins\Zed_58.jpg,164
1629,Zeri,0,skins\Zeri_0.jpg,165
1630,Zeri,0,skins\Zeri_1.jpg,165
1631,Zeri,0,skins\Zeri_10.jpg,165
1632,Zeri,0,skins\Zeri_19.jpg,165
1633,Zeri,0,skins\Zeri_28.jpg,165
1634,Zeri,0,skins\Zeri_29.jpg,165
1635,Ziggs,0,skins\Ziggs_0.jpg,166
1636,Ziggs,0,skins\Ziggs_1.jpg,166
1637,Ziggs,0,skins\Ziggs_14.jpg,166
1638,Ziggs,0,skins\Ziggs_2.jpg,166
1639,Ziggs,0,skins\Ziggs_23.jpg,166
1640,Ziggs,0,skins\Ziggs_24.jpg,166
1641,Ziggs,0,skins\Ziggs_3.jpg,166
1642,Ziggs,0,skins\Ziggs_33.jpg,166
1643,Ziggs,0,skins\Ziggs_4.jpg,166
1644,Ziggs,0,skins\Ziggs_5.jpg,166
1645,Ziggs,0,skins\Ziggs_6.jpg,166
1646,Ziggs,0,skins\Ziggs_7.jpg,166
1647,Zilean,0,skins\Zilean_0.jpg,167
1648,Zilean,0,skins\Zilean_1.jpg,167
1649,Zilean,0,skins\Zilean_14.jpg,167
1650,Zilean,0,skins\Zilean_2.jpg,167
1651,Zilean,0,skins\Zilean_3.jpg,167
1652,Zilean,0,skins\Zilean_4.jpg,167
1653,Zilean,0,skins\Zilean_5.jpg,167
1654,Zilean,0,skins\Zilean_6.jpg,167
1655,Zoe,0,skins\Zoe_0.jpg,168
1656,Zoe,0,skins\Zoe_1.jpg,168
1657,Zoe,0,skins\Zoe_18.jpg,168
1658,Zoe,0,skins\Zoe_19.jpg,168
1659,Zoe,0,skins\Zoe_2.jpg,168
1660,Zoe,0,skins\Zoe_20.jpg,168
1661,Zoe,0,skins\Zoe_22.jpg,168
1662,Zoe,0,skins\Zoe_33.jpg,168
1663,Zoe,0,skins\Zoe_9.jpg,168
1664,Zyra,0,skins\Zyra_0.jpg,169
1665,Zyra,0,skins\Zyra_1.jpg,169
1666,Zyra,0,skins\Zyra_16.jpg,169
1667,Zyra,0,skins\Zyra_2.jpg,169
1668,Zyra,0,skins\Zyra_3.jpg,169
1669,Zyra,0,skins\Zyra_36.jpg,169
1670,Zyra,0,skins\Zyra_4.jpg,169
1671,Zyra,0,skins\Zyra_46.jpg,169
1672,Zyra,0,skins\Zyra_5.jpg,169
1673,Zyra,0,skins\Zyra_55.jpg,169
1674,Zyra,0,skins\Zyra_6.jpg,169
1675,Zyra,0,skins\Zyra_7.jpg,169
