1,Aatrox,champions/Aatrox_0.jpg
2,Ahri,champions/Ahri_0.jpg
3,Akali,champions/Akali_0.jpg
4,Akshan,champions/Akshan_0.jpg
5,Alistar,champions/Alistar_0.jpg
6,Ambessa,champions/Ambessa_0.jpg
7,Amumu,champions/Amumu_0.jpg
8,Anivia,champions/Anivia_0.jpg
9,Annie,champions/Annie_0.jpg
10,Aphelios,champions/Aphelios_0.jpg
11,Ashe,champions/Ashe_0.jpg
12,Aurelion Sol,champions/AurelionSol_0.jpg
13,Aurora,champions/Aurora_0.jpg
14,Azir,champions/Azir_0.jpg
15,Bard,champions/Bard_0.jpg
16,Bel'Veth,champions/BelVeth_0.jpg
17,Blitzcrank,champions/Blitzcrank_0.jpg
18,Brand,champions/Brand_0.jpg
19,Braum,champions/Braum_0.jpg
20,Briar,champions/Briar_0.jpg
21,Caitlyn,champions/Caitlyn_0.jpg
22,Camille,champions/Camille_0.jpg
23,Cassiopeia,champions/Cassiopeia_0.jpg
24,Cho'Gath,champions/ChoGath_0.jpg
25,Corki,champions/Corki_0.jpg
26,Darius,champions/Darius_0.jpg
27,Diana,champions/Diana_0.jpg
28,Dr.Mundo,champions/DrMundo_0.jpg
29,Draven,champions/Draven_0.jpg
30,Ekko,champions/Ekko_0.jpg
31,Elise,champions/Elise_0.jpg
32,Evelynn,champions/Evelynn_0.jpg
33,Ezreal,champions/Ezreal_0.jpg
34,Fiddlesticks,champions/Fiddlesticks_0.jpg
35,Fiora,champions/Fiora_0.jpg
36,Fizz,champions/Fizz_0.jpg
37,Galio,champions/Galio_0.jpg
38,Gangplank,champions/Gangplank_0.jpg
39,Garen,champions/Garen_0.jpg
40,Gnar,champions/Gnar_0.jpg
41,Gragas,champions/Gragas_0.jpg
42,Graves,champions/Graves_0.jpg
43,Gwen,champions/Gwen_0.jpg
44,Hecarim,champions/Hecarim_0.jpg
45,Heimerdinger,champions/Heimerdinger_0.jpg
46,Hwei,champions/Hwei_0.jpg
47,Illaoi,champions/Illaoi_0.jpg
48,Irelia,champions/Irelia_0.jpg
49,Ivern,champions/Ivern_0.jpg
50,Janna,champions/Janna_0.jpg
51,Jarvan IV,champions/JarvanIV_0.jpg
52,Jax,champions/Jax_0.jpg
53,Jayce,champions/Jayce_0.jpg
54,Jhin,champions/Jhin_0.jpg
55,Jinx,champions/Jinx_0.jpg
56,K'Sante,champions/KSante_0.jpg
57,Kai'Sa,champions/KaiSa_0.jpg
58,Kalista,champions/Kalista_0.jpg
59,Karma,champions/Karma_0.jpg
60,Karthus,champions/Karthus_0.jpg
61,Kassadin,champions/Kassadin_0.jpg
62,Katarina,champions/Katarina_0.jpg
63,Kayle,champions/Kayle_0.jpg
64,Kayn,champions/Kayn_0.jpg
65,Kennen,champions/Kennen_0.jpg
66,Kha'Zix,champions/KhaZix_0.jpg
67,Kindred,champions/Kindred_0.jpg
68,Kled,champions/Kled_0.jpg
69,Kog'Maw,champions/KogMaw_0.jpg
70,Le Blanc,champions/LeBlanc_0.jpg
71,Lee Sin,champions/LeeSin_0.jpg
72,Leona,champions/Leona_0.jpg
73,Lillia,champions/Lillia_0.jpg
74,Lissandra,champions/Lissandra_0.jpg
75,Lucian,champions/Lucian_0.jpg
76,Lulu,champions/Lulu_0.jpg
77,Lux,champions/Lux_0.jpg
78,Malphite,champions/Malphite_0.jpg
79,Malzahar,champions/Malzahar_0.jpg
80,Maokai,champions/Maokai_0.jpg
81,Master Yi,champions/MasterYi_0.jpg
82,Milio,champions/Milio_0.jpg
83,Miss Fortune,champions/MissFortune_0.jpg
84,Mordekaiser,champions/Mordekaiser_0.jpg
85,Morgana,champions/Morgana_0.jpg
86,Naafiri,champions/Naafiri_0.jpg
87,Nami,champions/Nami_0.jpg
88,Nasus,champions/Nasus_0.jpg
89,Nautilus,champions/Nautilus_0.jpg
90,Neeko,champions/Neeko_0.jpg
91,Nidalee,champions/Nidalee_0.jpg
92,Nilah,champions/Nilah_0.jpg
93,Nocturne,champions/Nocturne_0.jpg
94,Nunu & Willump,champions/Nunu_0.jpg
95,Olaf,champions/Olaf_0.jpg
96,Orianna,champions/Orianna_0.jpg
97,Ornn,champions/Ornn_0.jpg
98,Pantheon,champions/Pantheon_0.jpg
99,Poppy,champions/Poppy_0.jpg
100,Pyke,champions/Pyke_0.jpg
101,Qiyana,champions/Qiyana_0.jpg
102,Quinn,champions/Quinn_0.jpg
103,Rakan,champions/Rakan_0.jpg
104,Rammus,champions/Rammus_0.jpg
105,Rek'Sai,champions/RekSai_0.jpg
106,Rell,champions/Rell_0.jpg
107,Renata Glasc,champions/Renata_0.jpg
108,Renekton,champions/Renekton_0.jpg
109,Rengar,champions/Rengar_0.jpg
110,Riven,champions/Riven_0.jpg
111,Rumble,champions/Rumble_0.jpg
112,Ryze,champions/Ryze_0.jpg
113,Samira,champions/Samira_0.jpg
114,Sejuani,champions/Sejuani_0.jpg
115,Senna,champions/Senna_0.jpg
116,Seraphine,champions/Seraphine_0.jpg
117,Sett,champions/Sett_0.jpg
118,Shaco,champions/Shaco_0.jpg
119,Shen,champions/Shen_0.jpg
120,Shyvana,champions/Shyvana_0.jpg
121,Singed,champions/Singed_0.jpg
122,Sion,champions/Sion_0.jpg
123,Sivir,champions/Sivir_0.jpg
124,Skarner,champions/Skarner_0.jpg
125,Smolder,champions/Smolder_0.jpg
126,Sona,champions/Sona_0.jpg
127,Soraka,champions/Soraka_0.jpg
128,Swain,champions/Swain_0.jpg
129,Sylas,champions/Sylas_0.jpg
130,Syndra,champions/Syndra_0.jpg
131,Tahm Kench,champions/TahmKench_0.jpg
132,Taliyah,champions/Taliyah_0.jpg
133,Talon,champions/Talon_0.jpg
134,Taric,champions/Taric_0.jpg
135,Teemo,champions/Teemo_0.jpg
136,Thresh,champions/Thresh_0.jpg
137,Tristana,champions/Tristana_0.jpg
138,Trundle,champions/Trundle_0.jpg
139,Tryndamere,champions/Tryndamere_0.jpg
140,Twisted Fate,champions/TwistedFate_0.jpg
141,Twitch,champions/Twitch_0.jpg
142,Udyr,champions/Udyr_0.jpg
143,Urgot,champions/Urgot_0.jpg
144,Varus,champions/Varus_0.jpg
145,Vayne,champions/Vayne_0.jpg
146,Veigar,champions/Veigar_0.jpg
147,Vel'Koz,champions/VelKoz_0.jpg
148,Vex,champions/Vex_0.jpg
149,Vi,champions/Vi_0.jpg
150,Viego,champions/Viego_0.jpg
151,Viktor,champions/Viktor_0.jpg
152,Vladimir,champions/Vladimir_0.jpg
153,Volibear,champions/Volibear_0.jpg
154,Warwick,champions/Warwick_0.jpg
155,Wukong,champions/MonkeyKing_0.jpg
156,Xayah,champions/Xayah_0.jpg
157,Xerath,champions/Xerath_0.jpg
158,Xin Zhao,champions/XinZhao_0.jpg
159,Yasuo,champions/Yasuo_0.jpg
160,Yone,champions/Yone_0.jpg
161,Yorick,champions/Yorick_0.jpg
162,Yuumi,champions/Yuumi_0.jpg
163,Zac,champions/Zac_0.jpg
164,Zed,champions/Zed_0.jpg
165,Zeri,champions/Zeri_0.jpg
166,Ziggs,champions/Ziggs_0.jpg
167,Zilean,champions/Zilean_0.jpg
168,Zoe,champions/Zoe_0.jpg
169,Zyra,champions/Zyra_0.jpg
